id	kind	verdict	current_gold	model_pred	panel_opus	c_opus	panel_sonnet	c_sonnet	panel_haiku	c_haiku	panel_adv	agree	mean_conf	sample_values
p0151	control	PROPOSE	representation.numeric.integer_number	representation.numeric.integer_number	categorical	0.8	categorical	0.9	integer_number	0.92	categorical	2	0.85	11 | 2 | 10 | 8 | 7 | 5 | 9 | 4 | 6 | 3 | 1
p0164	control	PROPOSE	datetime.date.mdy_slash	datetime.date.mdy_slash	iso	0.95	iso	0.97	iso	0.98	iso	3	0.97	2008-06-23 | 2020-06-27 | 2021-04-14 | 2020-07-06 | 1996-01-30 | 2022-08-15 | 2007-10-01 | 2002-11-18 | 2021-02-09 | 2021-02-01 | 2006-03-22 | 2021-04-30 | 2021-04-20 | 2021-06-08 | 2019-11-01 | 2022-09-21 | 2022-10-03 | 2013-11-08 | 2006-09-21 | 2021-03-29
p0174	datetime-rerun	PROPOSE	datetime.date.iso	datetime.timestamp.sql_standard	sql_standard	0.95	sql_standard	0.97	sql_standard	0.95	sql_standard	3	0.96	2014-04-30 14:38:28 | 2019-05-23 20:12:22 | 2019-08-02 22:37:25 | 2020-05-21 06:44:14 | 2020-09-14 06:01:21 | 2021-02-13 17:56:56 | 2018-09-07 21:36:06 | 2014-11-24 17:11:12 | 2017-11-20 19:50:46 | 2017-12-26 10:20:38 | 2018-11-18 17:11:47 | 2013-12-26 13:05:46 | 2014-05-01 17:45:34 | 2012-06-13 04:18:26 | 2018-08-09 10:57:23 | 2017-04-05 17:09:53 | 2019-09-06 18:00:31 | 2018-02-14 04:26:27 | 2014-11-22 03:13:10 | 2018-02-05 15:05:54
p0175	datetime-rerun	PROPOSE	datetime.date.iso	datetime.timestamp.sql_standard	sql_standard	0.95	sql_standard	0.97	sql_standard	0.98	sql_standard	3	0.97	2001-06-05 20:35:20 | 2002-02-05 07:19:10 | 2002-02-22 03:56:11 | 2001-05-24 04:35:41 | 2001-11-15 20:14:35 | 2001-10-11 22:52:49 | 2002-03-04 15:27:59 | 2002-02-28 20:58:54 | 2002-02-05 07:28:13 | 2002-02-06 06:00:02 | 2002-01-10 13:24:51 | 2002-01-29 15:03:22 | 2001-11-15 18:10:14 | 2002-03-22 18:11:02 | 2002-01-29 02:18:19 | 2002-01-29 04:02:54 | 2001-05-28 18:58:58 | 2001-10-11 17:21:05 | 2001-03-05 10:31:00 | 2001-10-26 05:21:59
p0176	datetime-rerun	PROPOSE	datetime.date.iso	datetime.timestamp.sql_standard	sql_standard	0.95	sql_standard	0.97	sql_standard	0.98	sql_standard	3	0.97	2001-10-01 07:46:01 | 2002-01-09 08:26:27 | 2001-10-29 06:22:07 | 2001-10-25 06:11:56 | 2001-10-23 16:38:07 | 2001-10-17 14:15:05 | 2001-10-29 16:35:12 | 2001-07-23 14:46:41 | 2001-09-04 10:38:42 | 2001-10-01 06:50:56 | 2002-01-07 15:40:13 | 2002-01-24 10:55:56 | 2002-01-24 04:59:08 | 2002-01-22 15:40:25 | 2002-02-26 07:07:57 | 2001-08-17 09:05:03 | 2001-06-13 06:21:23 | 2001-12-11 10:42:41 | 2001-10-17 13:27:01 | 2001-08-24 06:55:36
p0214	datetime-rerun	PROPOSE	datetime.date.iso	unknown	sql_standard	0.92	sql_standard	0.97	sql_standard	0.98	sql_standard	3	0.96	2025-05-19 00:00:00 | 2009-06-15 00:00:00 | 2024-02-12 00:00:00 | 2024-09-09 00:00:00 | 2024-05-20 00:00:00 | 2017-08-14 00:00:00 | 2017-02-06 00:00:00 | 2024-06-10 00:00:00 | 2020-02-18 00:00:00 | 2018-03-05 00:00:00 | 2019-04-29 00:00:00 | 2017-10-23 00:00:00 | 2025-06-02 00:00:00 | 2011-10-24 00:00:00 | 2023-03-20 00:00:00 | 2001-08-27 00:00:00 | 2021-01-25 00:00:00 | 2006-05-15 00:00:00 | 2000-06-12 00:00:00 | 2018-10-29 00:00:00
p0215	datetime-rerun	PROPOSE	datetime.date.iso	unknown	sql_standard	0.95	sql_standard	0.97	sql_standard	0.98	sql_standard	3	0.97	2026-05-31 23:46:00 | 2026-05-31 23:28:00 | 2026-05-31 23:19:00 | 2026-05-31 22:55:00 | 2026-05-31 21:45:00 | 2026-05-31 21:15:00 | 2026-05-31 20:45:00 | 2026-05-31 18:41:00 | 2026-05-31 18:38:00 | 2026-05-31 18:30:00 | 2026-05-31 18:10:00 | 2026-05-31 18:00:00 | 2026-05-31 17:30:00 | 2026-05-31 16:34:00 | 2026-05-31 15:35:00 | 2026-05-31 15:29:00 | 2026-05-31 14:57:00 | 2026-05-31 14:45:00 | 2026-05-31 14:38:00 | 2026-05-31 14:34:00
p0216	datetime-rerun	PROPOSE	datetime.date.iso	datetime.timestamp.iso_8601_micros_offset	sql_standard	0.95	sql_standard	0.97	sql_standard	0.98	sql_standard	3	0.97	2026-06-07 15:43:51 | 2026-06-03 15:42:40 | 2026-05-30 15:44:16 | 2026-05-24 15:42:13 | 2026-05-11 15:43:10 | 2026-06-04 15:42:26 | 2026-06-05 15:43:59 | 2026-05-30 15:43:01 | 2026-05-23 15:42:11 | 2026-05-21 15:42:40 | 2026-05-20 15:42:35 | 2026-05-18 15:42:59 | 2026-05-17 15:41:15 | 2026-05-10 15:42:06 | 2026-06-08 15:42:19 | 2026-06-01 15:40:56 | 2026-05-29 15:45:19 | 2026-05-26 15:43:06 | 2026-05-25 15:41:30 | 2026-05-14 15:41:50
p0217	datetime-rerun	PROPOSE	datetime.date.iso	datetime.timestamp.iso_8601_millis_offset	sql_standard	0.92	sql_standard	0.95	sql_standard	0.98	sql_standard	3	0.95	2006-01-01 00:00:00 | 2007-01-01 00:00:00 | 2016-11-16 00:00:00 | 2010-12-06 00:00:00 | 2011-09-07 00:00:00 | 2004-07-01 00:00:00 | 2018-02-28 00:00:00 | 1992-08-01 00:00:00 | 2017-11-20 00:00:00 | 1988-07-01 00:00:00 | 2017-08-07 00:00:00 | 2017-04-12 00:00:00 | 2017-10-28 00:00:00 | 2015-10-06 00:00:00 | 2007-08-21 00:00:00 | 2025-04-02 00:00:00 | 2005-08-18 00:00:00 | 2008-08-01 00:00:00 | 2020-11-06 00:00:00 | 1995-04-17 00:00:00
p0218	datetime-rerun	PROPOSE	datetime.date.iso	representation.identifier.alphanumeric_id	sql_standard	0.92	sql_standard	0.95	sql_standard	0.98	sql_standard	3	0.95	2011-05-01 00:00:00 | 2006-01-01 00:00:00 | 2015-11-23 00:00:00 | 2014-06-24 00:00:00 | 2007-01-01 00:00:00 | 2016-11-16 00:00:00 | 2015-12-01 00:00:00 | 2011-09-07 00:00:00 | 2009-02-06 00:00:00 | 2018-02-28 00:00:00 | 2017-11-20 00:00:00 | 1988-07-01 00:00:00 | 2017-08-07 00:00:00 | 2012-08-17 00:00:00 | 2017-10-28 00:00:00 | 2015-10-06 00:00:00 | 2019-03-07 00:00:00 | 2007-08-21 00:00:00 | 2025-04-02 00:00:00 | 2020-10-15 00:00:00
p0219	datetime-rerun	PROPOSE	datetime.date.iso	unknown	sql_standard	0.92	sql_standard	0.95	sql_standard	0.98	sql_standard	3	0.95	2021-09-30 00:00:00 | 2021-06-18 00:00:00 | 2021-03-26 00:00:00 | 2021-04-09 00:00:00 | 2021-10-07 00:00:00 | 2021-07-29 00:00:00 | 2021-03-11 00:00:00 | 2021-01-29 00:00:00 | 2021-09-03 00:00:00 | 2021-08-20 00:00:00 | 2021-09-10 00:00:00 | 2021-02-26 00:00:00 | 2021-11-30 00:00:00 | 2021-08-04 00:00:00 | 2021-06-08 00:00:00 | 2021-04-02 00:00:00 | 2021-01-16 00:00:00 | 2021-04-23 00:00:00 | 2021-03-19 00:00:00 | 2006-03-14 00:00:00
p0158	control	TAXONOMY_GAP	identity.commerce.isbn	identity.commerce.isbn	isbn	0.85	plain_text	0.8	alphanumeric_id	0.85	isbn	1	0.85	9781490648170 | 9781538707784 | 4065177170, 9784065177174 | 9780062699725 | 1665934042, 1665934050, 9781665934046, 9 | 9781478927440 | 9780307489609 | 9780062013842 | 9780307879349 | 1647551218, 9781647551216 | 9781339027432 | 0679600078 | 9781668642627 | 0062385437, 9780062385437, 9780062564122 | 9780451534545 | 0195147073, 9780195147070 | 1844087190, 9781844087198 | 9780763662844 | 9780358379690 | 1419759434, 9781419759437, 9781647005740
p0000	header-heuristic	CONFIRM	representation.identifier.alphanumeric_id	representation.identifier.alphanumeric_id	alphanumeric_id	0.95	alphanumeric_id	0.95	alphanumeric_id	0.95	alphanumeric_id	3	0.95	msg48752425 | msg48753832 | msg48758249 | msg48772807 | msg48782682 | msg48768193 | msg48772750 | msg48772777 | msg48772738 | msg48773150 | msg48782269
p0001	header-heuristic	CONFIRM	representation.identifier.alphanumeric_id	representation.identifier.alphanumeric_id	alphanumeric_id	0.95	alphanumeric_id	0.95	alphanumeric_id	0.95	alphanumeric_id	3	0.95	msg44192632 | msg45097085 | msg43126474 | msg43129207 | msg43138837 | msg43385523 | msg43566118 | msg42704325 | msg42705636 | msg41136632 | msg41140204 | msg41480839 | msg41624738 | msg45090518 | msg43137634 | msg42450630 | msg42456618 | msg41231658 | msg42069912 | msg42262501
p0002	header-heuristic	CONFIRM	representation.identifier.alphanumeric_id	representation.identifier.alphanumeric_id	alphanumeric_id	0.95	alphanumeric_id	0.95	alphanumeric_id	0.95	alphanumeric_id	3	0.95	msg34754680 | msg38982866 | msg40517279 | msg26207189 | msg31773977 | msg34612509 | msg35278551 | msg48449899 | msg35280114 | msg38832287 | msg25415045 | msg25946358 | msg31569344 | msg44301986 | msg45985623 | msg25411784 | msg33885892 | msg34738304 | msg25456057 | msg34608748
p0003	header-heuristic	CONFIRM	representation.identifier.alphanumeric_id	representation.identifier.alphanumeric_id	alphanumeric_id	0.95	alphanumeric_id	0.95	alphanumeric_id	0.95	alphanumeric_id	3	0.95	msg22219001 | msg22434175 | msg22472457 | msg22200915 | msg22446253 | msg22501646 | msg22199382 | msg22294473 | msg22760616 | msg22202674 | msg22218513 | msg22612488 | msg22496196 | msg22601255 | msg22199549 | msg22472122
p0004	header-heuristic	CONFIRM	representation.identifier.alphanumeric_id	identity.government.eu_vat	alphanumeric_id	0.95	alphanumeric_id	0.97	alphanumeric_id	0.92	alphanumeric_id	3	0.95	NCT01266837 | NCT01791790 | NCT01532453 | NCT02372318 | NCT01503372 | NCT02404844 | NCT01272557 | NCT01351246 | NCT02207582 | NCT03039387 | NCT03423576 | NCT02110043 | NCT01219244 | NCT01221779 | NCT02099968 | NCT02002871 | NCT02547519 | NCT02990039 | NCT02283099 | NCT02403986
p0005	header-heuristic	CONFIRM	representation.identifier.alphanumeric_id	representation.identifier.alphanumeric_id	alphanumeric_id	0.95	alphanumeric_id	0.95	alphanumeric_id	0.95	alphanumeric_id	3	0.95	msg43725348 | msg43785772 | msg46735507 | msg42031349 | msg43724139 | msg43724464 | msg35824974 | msg37300336 | msg35785380 | msg35796250 | msg43725639 | msg44579178 | msg38532922 | msg43725662 | msg46611265 | msg39524418 | msg43216652 | msg43256613 | msg35825097 | msg35825838
p0006	header-heuristic	CONFIRM	representation.identifier.alphanumeric_id	representation.identifier.alphanumeric_id	alphanumeric_id	0.95	alphanumeric_id	0.95	alphanumeric_id	0.95	alphanumeric_id	3	0.95	msg39236415 | msg20586116 | msg20607564 | msg20712606 | msg20010951 | msg20406427 | msg19955635 | msg19958852 | msg20592972 | msg20823044 | msg20107928 | msg20241261 | msg20449344 | msg19954685 | msg19954745 | msg19955070 | msg19958677 | msg20693658 | msg19984509 | msg20083303
p0007	header-heuristic	CONFIRM	representation.identifier.alphanumeric_id	representation.identifier.alphanumeric_id	alphanumeric_id	0.95	alphanumeric_id	0.95	alphanumeric_id	0.95	alphanumeric_id	3	0.95	msg22530129 | msg22622891 | msg22626604 | msg23083535 | msg22324860 | msg22353755 | msg22060044 | msg22129825 | msg22248696 | msg22324275 | msg22324453 | msg22021708 | msg22041556 | msg22054643 | msg22058032 | msg22496336 | msg23226352 | msg23821439 | msg22325398 | msg22355230
p0008	header-heuristic	CONFIRM	representation.identifier.alphanumeric_id	representation.identifier.alphanumeric_id	alphanumeric_id	0.95	alphanumeric_id	0.95	alphanumeric_id	0.95	alphanumeric_id	3	0.95	msg33998722 | msg34122501 | msg34123033 | msg34125306 | msg34125928 | msg34282022 | msg34234402 | msg32900530
p0009	header-heuristic	CONFIRM	representation.identifier.alphanumeric_id	representation.identifier.alphanumeric_id	alphanumeric_id	0.95	alphanumeric_id	0.95	alphanumeric_id	0.95	alphanumeric_id	3	0.95	msg34573197 | msg33457996 | msg33521749 | msg33999841 | msg34705402 | msg34572395 | msg34709554 | msg33459035 | msg34051632 | msg34703475
p0010	header-heuristic	CONFIRM	representation.identifier.alphanumeric_id	representation.identifier.alphanumeric_id	alphanumeric_id	0.95	alphanumeric_id	0.95	alphanumeric_id	0.95	alphanumeric_id	3	0.95	msg26220348 | msg26921635 | msg27517487 | msg27657198 | msg26141760 | msg26163532 | msg27351752 | msg27447732 | msg27519876 | msg26142899 | msg27542329 | msg27603133 | msg27692254 | msg26142239 | msg27513711 | msg27464516 | msg27517084 | msg29213917 | msg27691959 | msg27856156
p0011	header-heuristic	CONFIRM	representation.identifier.alphanumeric_id	representation.identifier.alphanumeric_id	alphanumeric_id	0.95	alphanumeric_id	0.95	alphanumeric_id	0.95	alphanumeric_id	3	0.95	msg31425150 | msg31575018 | msg32153069 | msg31422905 | msg30848675 | msg30879733 | msg31266907 | msg31794707 | msg31495316
p0012	header-heuristic	CONFIRM	representation.identifier.alphanumeric_id	representation.identifier.alphanumeric_id	alphanumeric_id	0.95	alphanumeric_id	0.95	alphanumeric_id	0.95	alphanumeric_id	3	0.95	msg45385367 | msg44487088 | msg44538474 | msg45167180 | msg45167281 | msg50779236 | msg44649397 | msg45170755 | msg45527373 | msg45831808 | msg47515161 | msg50641942 | msg44567722 | msg44571669 | msg45267901 | msg49924489 | msg44404512 | msg44571350 | msg44646806 | msg44789267
p0013	header-heuristic	CONFIRM	representation.identifier.alphanumeric_id	representation.identifier.alphanumeric_id	alphanumeric_id	0.95	alphanumeric_id	0.95	alphanumeric_id	0.95	alphanumeric_id	3	0.95	msg47460678 | msg45683553 | msg45934510 | msg45983442 | msg46135702 | msg46142232 | msg46142844 | msg46154613 | msg44604546 | msg45575864 | msg44411661 | msg44558685 | msg46574430 | msg47447526 | msg45864353 | msg46132266 | msg45579035 | msg44562502 | msg44596023 | msg46497888
p0014	header-heuristic	CONFIRM	representation.identifier.alphanumeric_id	representation.identifier.alphanumeric_id	alphanumeric_id	0.95	alphanumeric_id	0.95	alphanumeric_id	0.95	alphanumeric_id	3	0.95	msg40062568 | msg40156439 | msg39181428 | msg39365128 | msg38058978 | msg38346324 | msg35602857 | msg35604708 | msg36066763 | msg35164089 | msg35185236 | msg35185584 | msg39689944 | msg39849081 | msg40156287 | msg39183005 | msg36832379 | msg38136832 | msg39838010 | msg38749068
p0015	header-heuristic	CONFIRM	representation.identifier.alphanumeric_id	representation.identifier.alphanumeric_id	alphanumeric_id	0.95	alphanumeric_id	0.95	alphanumeric_id	0.95	alphanumeric_id	3	0.95	msg34762657 | msg34765236 | msg35789702 | msg35896866 | msg40328495 | msg35269477 | msg40328145 | msg34761961 | msg35879578 | msg36030094 | msg35890723 | msg36382269
p0016	header-heuristic	CONFIRM	representation.identifier.alphanumeric_id	representation.identifier.alphanumeric_id	alphanumeric_id	0.93	alphanumeric_id	0.92	alphanumeric_id	0.88	alphanumeric_id	3	0.91	R18HS025359 | R01NS112242 | R01NS100806 | R01NS121154 | R01HL147355 | R44HL145826 | R01HL137794 | R01NS119596 | R01HL137734
p0017	header-heuristic	CONFIRM	representation.identifier.alphanumeric_id	representation.identifier.alphanumeric_id	alphanumeric_id	0.93	alphanumeric_id	0.92	alphanumeric_id	0.88	alphanumeric_id	3	0.91	R18HS025359 | R01NS112242 | R01NS100806 | R01NS121154 | R01NS119596 | R01HL137734 | R01HL147355 | R44HL145826 | R01HL137794
p0018	header-heuristic	CONFIRM	representation.identifier.alphanumeric_id	representation.identifier.alphanumeric_id	alphanumeric_id	0.93	alphanumeric_id	0.92	alphanumeric_id	0.88	alphanumeric_id	3	0.91	R18HS025359 | R01NS112242 | R01NS100806 | R01HL147355 | R01HL137794 | R01NS119596 | R01HL137734 | R01NS121154
p0019	header-heuristic	CONFIRM	representation.identifier.alphanumeric_id	representation.identifier.alphanumeric_id	alphanumeric_id	0.93	alphanumeric_id	0.92	alphanumeric_id	0.88	alphanumeric_id	3	0.91	R18HS025359 | R01NS112242 | R01NS100806 | R01HL147355 | R01HL137794 | R01NS119596 | R01HL137734 | R01NS121154
p0020	header-heuristic	CONFIRM	representation.identifier.alphanumeric_id	representation.identifier.alphanumeric_id	alphanumeric_id	0.93	alphanumeric_id	0.92	alphanumeric_id	0.88	alphanumeric_id	3	0.91	R01AI134982 | R01NS121154 | R18HS025359 | R01NS112242 | R01NS100806 | R01GM123193 | R01HL147355 | R01NS119596 | R01HL137734 | R01HL137794
p0021	header-heuristic	CONFIRM	representation.identifier.alphanumeric_id	representation.identifier.alphanumeric_id	alphanumeric_id	0.95	alphanumeric_id	0.95	alphanumeric_id	0.95	alphanumeric_id	3	0.95	msg22374900 | msg22239576 | msg22240903 | msg22242893 | msg22432856 | msg23693872 | msg22231882 | msg22309714 | msg22359855 | msg22370876 | msg22374876 | msg23696614 | msg24017454 | msg22358879 | msg22360435 | msg22374950 | msg22377303 | msg22709775 | msg22770161 | msg24026320
p0022	header-heuristic	CONFIRM	representation.identifier.alphanumeric_id	representation.identifier.alphanumeric_id	alphanumeric_id	0.95	alphanumeric_id	0.95	alphanumeric_id	0.95	alphanumeric_id	3	0.95	msg48425064 | msg40212786 | msg41218682 | msg41333360 | msg34485745 | msg35089671 | msg47535264 | msg37290827 | msg39062244 | msg39999919 | msg42114254 | msg34510040 | msg43117697 | msg47861133 | msg37291468 | msg37329889 | msg38433413 | msg40019744 | msg34531476 | msg45211492
p0023	header-heuristic	CONFIRM	representation.identifier.alphanumeric_id	technology.internet.url	alphanumeric_id	0.95	alphanumeric_id	0.95	alphanumeric_id	0.95	alphanumeric_id	3	0.95	msg20674161 | msg25480114 | msg21250264 | msg21303089 | msg20762312 | msg20762760 | msg20674143 | msg20767414 | msg21303309 | msg21303498 | msg20762503 | msg20771907 | msg20762182 | msg21302044 | msg20780492 | msg21360826 | msg20899115 | msg20673946 | msg20795660 | msg21160237
p0024	header-heuristic	CONFIRM	representation.identifier.alphanumeric_id	representation.identifier.alphanumeric_id	alphanumeric_id	0.95	alphanumeric_id	0.95	alphanumeric_id	0.95	alphanumeric_id	3	0.95	msg21324948 | msg20673878 | msg25480114 | msg28259458 | msg20840926 | msg21250264 | msg21285923 | msg20674125 | msg20739716 | msg20741255 | msg20780492 | msg20794722 | msg21324126 | msg24919317 | msg20810161 | msg20861323 | msg21162235 | msg21303089 | msg20674143 | msg20684715
p0025	header-heuristic	CONFIRM	representation.identifier.alphanumeric_id	representation.identifier.alphanumeric_id	alphanumeric_id	0.95	alphanumeric_id	0.95	alphanumeric_id	0.95	alphanumeric_id	3	0.95	msg41579653 | msg42100227 | msg42511840 | msg43672719 | msg44975455 | msg45711562 | msg35180409 | msg35203281 | msg35356267 | msg35563825 | msg38308274 | msg38880396 | msg39792829 | msg34541907 | msg34542390 | msg34551726 | msg34619275 | msg34621454 | msg43501975 | msg35207410
p0026	header-heuristic	CONFIRM	representation.identifier.alphanumeric_id	representation.identifier.alphanumeric_id	alphanumeric_id	0.95	alphanumeric_id	0.95	alphanumeric_id	0.95	alphanumeric_id	3	0.95	msg30921375 | msg32374478 | msg28221312 | msg29537558 | msg24586125 | msg24589119 | msg24858689 | msg30759283 | msg30782330 | msg30928529 | msg30966085 | msg25507263 | msg25883987 | msg27910129 | msg28177381 | msg28610190 | msg29132900 | msg24611068 | msg24858791 | msg24907102
p0027	header-heuristic	CONFIRM	representation.identifier.alphanumeric_id	representation.identifier.alphanumeric_id	alphanumeric_id	0.95	alphanumeric_id	0.95	alphanumeric_id	0.95	alphanumeric_id	3	0.95	msg49291527 | msg51225427 | msg41603989 | msg41840212 | msg44235292 | msg45626099 | msg38911190 | msg38943153 | msg41096589 | msg41333632 | msg37623015 | msg38213805 | msg38545189 | msg38789409 | msg49039379 | msg37966939 | msg38377055 | msg38725021 | msg46435986 | msg48730851
p0028	header-heuristic	CONFIRM	representation.identifier.alphanumeric_id	representation.identifier.alphanumeric_id	alphanumeric_id	0.95	alphanumeric_id	0.95	alphanumeric_id	0.95	alphanumeric_id	3	0.95	msg44597644 | msg44664210 | msg43805833 | msg43842638 | msg43858799 | msg43877762 | msg44088901 | msg44120268 | msg43693674 | msg43717516 | msg43784457 | msg43426825 | msg43631133 | msg43638751 | msg44811207 | msg44842909 | msg44693796 | msg43858669 | msg43869862 | msg43666534
p0029	header-heuristic	CONFIRM	representation.identifier.alphanumeric_id	representation.identifier.alphanumeric_id	alphanumeric_id	0.95	alphanumeric_id	0.95	alphanumeric_id	0.95	alphanumeric_id	3	0.95	msg27757506 | msg28193510 | msg48809882 | msg28065602 | msg28206718 | msg32396143 | msg40990647 | msg27137528 | msg27748900 | msg28142528 | msg27145981 | msg44356613 | msg27135703 | msg44349172 | msg27136117 | msg27864401 | msg27137009 | msg27832715 | msg28193001 | msg41024425
p0030	header-heuristic	CONFIRM	geography.location.country_code	geography.location.country_code	country_code	0.93	country_code	0.97	country_code	0.98	country_code	3	0.96	ES | EE | IT | LV | FI | SE | AT | CZ | IE | DE | LT | NO
p0031	header-heuristic	CONFIRM	geography.location.country_code	geography.location.country_code	country_code	0.85	country_code	0.85	country_code	0.75	country_code	3	0.82	BA | BR | CU | ES | JP | KE | LU | NY | PK | PA | SG | SY | TT | ZA | BI | BF | CO | EE | FR | GR
p0032	header-heuristic	CONFIRM	geography.location.country_code	geography.location.country_code	country_code	0.9	country_code	0.95	country_code	0.9	country_code	3	0.92	DO | PA | JP | KE | TT | BR | PK | ES | SG | LU | ZA | ZW | TR | VE | GR | RU | PT | NZ | SK | CO
p0033	header-heuristic	CONFIRM	geography.location.country_code	geography.location.country_code	country_code	0.85	country_code	0.88	country_code	0.9	country_code	3	0.88	RU | ZZ | TW | US
p0034	header-heuristic	CONFIRM	geography.location.country_code	geography.location.country_code	country_code	0.9	country_code	0.95	country_code	0.88	country_code	3	0.91	JP | BR | GN | ES | KE | RU | CO | NG | GR | LR | SO | NU | AU | MX | IR | NC | US | CN | CF | CG
p0035	header-heuristic	CONFIRM	geography.location.country_code	geography.location.country_code	country_code	0.9	country_code	0.95	country_code	0.95	country_code	3	0.93	BR | JP | IS | CN | RO | AR | US | CA | PH | TR | IT | FR | AZ | KR | ID | GB | SE
p0036	header-heuristic	CONFIRM	geography.location.country_code	geography.location.country_code	country_code	0.93	country_code	0.97	country_code	0.95	country_code	3	0.95	AW | BA | BL | BR | BS | CU | CW | DO | ES | GN | IO | JP | KE | LU | PA | PK | SB | SG | SX | SY
p0037	header-heuristic	CONFIRM	geography.location.country_code	geography.location.country_code	country_code	0.9	country_code	0.92	country_code	0.9	country_code	3	0.91	AQ | BB | BF | BI | BJ | CO | CX | DJ | EE | FR | GD | GP | GR | GZ | IT | JE | LR | MA | MD | MG
p0038	header-heuristic	CONFIRM	geography.coordinate.latitude	geography.coordinate.latitude	latitude	0.8	latitude	0.95	latitude	0.92	latitude	3	0.89	-0.13504 | -0.25207 | 0.32747 | 0.22391 | -0.19361 | 0.09497 | 0.04372 | 0.02757 | -0.05708 | -0.052157669 | -0.33971 | 0.22209 | 0.18209 | 0.24053 | -0.32064 | 0.01512 | -0.10167 | -0.29068 | 0.1934 | -0.01805
p0039	header-heuristic	CONFIRM	geography.coordinate.latitude	geography.coordinate.latitude	latitude	0.95	latitude	0.97	latitude	0.98	latitude	3	0.97	51.5015571 | 51.5020422 | 51.5000137 | 51.4976657 | 51.495552 | 51.4947565 | 51.4944193 | 51.4923451 | 51.4901563 | 51.4896423 | 51.5072372 | 51.5056937 | 51.5041991 | 51.5026149 | 51.4933363 | 51.4903884 | 51.4994781 | 51.4905881 | 51.5097491 | 51.50847
p0040	header-heuristic	CONFIRM	geography.coordinate.latitude	geography.coordinate.latitude	latitude	0.95	latitude	0.97	latitude	0.98	latitude	3	0.97	51.489873 | 51.4917018 | 51.4932633 | 51.4930127 | 51.4895494 | 51.4894473 | 51.4890546 | 51.4922764 | 51.4906146 | 51.4890816 | 51.4898909 | 51.4937202 | 51.4890027 | 51.4895661 | 51.4914387 | 51.4929864 | 51.4899562 | 51.4929671 | 51.4920177 | 51.4925266
p0041	header-heuristic	CONFIRM	geography.coordinate.latitude	geography.coordinate.latitude	latitude	0.95	latitude	0.97	latitude	0.98	latitude	3	0.97	51.4961527 | 51.4994678 | 51.5021952 | 51.5095542 | 51.5124009 | 51.5132365 | 51.5021825 | 51.5029725 | 51.5108883 | 51.512563 | 51.5129373 | 51.5129328 | 51.5130066 | 51.4891219 | 51.4889321 | 51.4873827 | 51.4870399 | 51.5113499 | 51.5116264 | 51.5131349
p0042	header-heuristic	CONFIRM	geography.coordinate.latitude	geography.coordinate.latitude	latitude	0.95	latitude	0.97	latitude	0.98	latitude	3	0.97	51.4883844 | 51.4884584 | 51.4883838 | 51.4885561 | 51.4885431 | 51.4883893
p0043	header-heuristic	CONFIRM	geography.coordinate.latitude	geography.coordinate.latitude	latitude	0.95	latitude	0.97	latitude	0.98	latitude	3	0.97	51.5457014 | 51.5580272 | 51.5594043 | 51.5637727 | 51.5658845 | 51.5428055 | 51.5440844 | 51.5622021 | 51.5666088 | 51.5358685 | 51.5403977 | 51.544862 | 51.5482261 | 51.5606842 | 51.5328815 | 51.5433748 | 51.5494018 | 51.5553771 | 51.556671 | 51.5346365
p0044	header-heuristic	CONFIRM	geography.coordinate.latitude	geography.coordinate.latitude	latitude	0.95	latitude	0.97	latitude	0.98	latitude	3	0.97	51.4984572 | 51.4999505 | 51.5008342 | 51.5011271 | 51.5131418 | 51.5161967 | 51.498683 | 51.5019279 | 51.5082006 | 51.5099176 | 51.5110493 | 51.5135224 | 51.5177678 | 51.5179044 | 51.5170936 | 51.5041901 | 51.5170239 | 51.4979847 | 51.4985072 | 51.4983173
p0045	header-heuristic	CONFIRM	geography.coordinate.latitude	geography.coordinate.latitude	latitude	0.95	latitude	0.97	latitude	0.98	latitude	3	0.97	51.5121433 | 51.511093 | 51.5130308 | 51.5311716 | 51.5168207 | 51.5097924 | 51.5169181 | 51.5170538 | 51.5169567 | 51.5167033 | 51.5098792 | 51.5121031 | 51.5123415 | 51.5147856 | 51.5193997 | 51.5142214 | 51.5130703 | 51.526735 | 51.5149147 | 51.5111106
p0046	header-heuristic	CONFIRM	geography.coordinate.latitude	geography.coordinate.latitude	latitude	0.93	latitude	0.92	latitude	0.92	latitude	3	0.92	51.4217918 | 51.424119 | 51.4216009 | 51.4192815 | 0.0 | 51.4190877
p0047	header-heuristic	CONFIRM	geography.coordinate.latitude	geography.coordinate.latitude	latitude	0.95	latitude	0.97	latitude	0.98	latitude	3	0.97	51.5063183 | 51.506279 | 51.5067549 | 51.5062802 | 51.5062534
p0048	header-heuristic	CONFIRM	geography.coordinate.latitude	geography.coordinate.latitude	latitude	0.95	latitude	0.97	latitude	0.98	latitude	3	0.97	51.651484 | 51.6503031 | 51.6523343 | 51.6520247 | 51.6522614 | 51.6507724
p0049	header-heuristic	CONFIRM	geography.coordinate.latitude	geography.coordinate.latitude	latitude	0.95	latitude	0.97	latitude	0.98	latitude	3	0.97	50.9471965 | 50.9472931 | 50.9475722 | 50.9471935 | 50.9469948 | 50.9466661 | 50.9466561 | 50.9467793
p0050	header-heuristic	CONFIRM	geography.coordinate.latitude	geography.coordinate.latitude	latitude	0.95	latitude	0.97	latitude	0.98	latitude	3	0.97	50.9471965 | 50.9472931 | 50.9475722 | 50.9466561 | 50.9471935 | 50.9469948 | 50.9466661 | 50.9467793
p0051	header-heuristic	CONFIRM	geography.coordinate.latitude	geography.coordinate.latitude	latitude	0.95	latitude	0.97	latitude	0.98	latitude	3	0.97	51.6820965 | 51.6799029 | 51.6814505 | 51.6817586 | 51.6810278 | 51.6823138 | 51.6816711 | 51.6819435 | 51.6803643
p0052	header-heuristic	CONFIRM	geography.coordinate.latitude	geography.coordinate.latitude	latitude	0.95	latitude	0.97	latitude	0.98	latitude	3	0.97	51.6848403 | 51.6844047 | 51.6837918 | 51.6841974 | 51.683927
p0053	header-heuristic	CONFIRM	geography.coordinate.latitude	geography.coordinate.latitude	latitude	0.95	latitude	0.97	latitude	0.98	latitude	3	0.97	51.6409305 | 51.6438262 | 51.6447079 | 51.6469775 | 51.6461179 | 51.6439714 | 51.6237838 | 51.6263391 | 51.6446469 | 51.6376428 | 51.6480566 | 51.6453332 | 51.634321 | 51.6428787 | 51.6438429 | 51.6477755 | 51.6241721 | 51.6325634 | 51.6392224 | 51.6284972
p0054	header-heuristic	CONFIRM	geography.coordinate.latitude	geography.coordinate.latitude	latitude	0.95	latitude	0.97	latitude	0.98	latitude	3	0.97	51.7936566 | 51.7959205 | 51.795017 | 51.7943219 | 51.793811 | 51.7958812 | 51.7959694 | 51.7950402 | 51.7931637 | 51.7937135 | 51.7936042 | 51.7959293 | 51.7950401 | 51.7935725 | 51.7958348 | 51.7954111 | 51.7950541 | 51.793322
p0055	header-heuristic	CONFIRM	geography.coordinate.latitude	geography.coordinate.latitude	latitude	0.95	latitude	0.97	latitude	0.98	latitude	3	0.97	51.7927918 | 51.7936024 | 51.7929713 | 51.7949681 | 51.7954131 | 51.7939823 | 51.7933098 | 51.7958955 | 51.7932639
p0056	header-heuristic	CONFIRM	geography.coordinate.latitude	geography.coordinate.latitude	latitude	0.95	latitude	0.97	latitude	0.98	latitude	3	0.97	51.6290994 | 51.624185 | 51.6240369 | 51.624385 | 51.6246265 | 51.6288836 | 51.6242512 | 51.6232412 | 51.6274768 | 51.626161 | 51.6213176 | 51.6188151 | 51.6299653 | 51.6295728 | 51.6248607 | 51.6207333 | 51.6276389 | 51.622846 | 51.6239539 | 51.6277227
p0057	header-heuristic	CONFIRM	geography.coordinate.latitude	geography.coordinate.latitude	latitude	0.95	latitude	0.97	latitude	0.98	latitude	3	0.97	51.4899655 | 51.4894378 | 51.4925613 | 51.494478 | 51.4950331 | 51.4945628 | 51.4899633 | 51.4909474 | 51.4897042 | 51.4921598 | 51.490323 | 51.4930464 | 51.4938038 | 51.4942255 | 51.4949988 | 51.4953066 | 51.4948933 | 51.4937842 | 51.4906161 | 51.4896624
p0058	header-heuristic	CONFIRM	geography.coordinate.latitude	geography.coordinate.latitude	latitude	0.95	latitude	0.97	latitude	0.98	latitude	3	0.97	51.643079 | 51.6413829 | 51.6385301 | 51.6309643 | 51.6300831 | 51.6297242 | 51.6296352 | 51.6294675 | 51.6291827 | 51.6424382 | 51.6341429 | 51.6298583 | 51.6360722 | 51.6317694 | 51.6299448 | 51.6282976 | 51.6373144 | 51.6281485 | 51.6330982 | 51.6431103
p0059	header-heuristic	CONFIRM	geography.coordinate.latitude	geography.coordinate.latitude	latitude	0.95	latitude	0.97	latitude	0.98	latitude	3	0.97	51.6388041 | 51.6370411 | 51.6293771 | 51.6025346 | 51.6350269 | 51.6312112 | 51.6245886 | 51.6163363 | 51.614543 | 51.6092723 | 51.6009906 | 51.600998 | 51.6000115 | 51.5910862 | 51.586545 | 51.5783832 | 51.5788702 | 51.5761023 | 51.5442265 | 51.6206287
p0060	header-heuristic	CONFIRM	geography.coordinate.latitude	geography.coordinate.latitude	latitude	0.95	latitude	0.97	latitude	0.98	latitude	3	0.97	51.65027 | 51.6502701 | 51.644308 | 51.650269 | 51.6502699
p0061	header-heuristic	CONFIRM	geography.coordinate.latitude	geography.coordinate.latitude	latitude	0.95	latitude	0.97	latitude	0.98	latitude	3	0.97	51.6502648 | 51.6503229 | 51.6501637 | 51.6501347 | 51.6503205
p0062	header-heuristic	CONFIRM	geography.coordinate.latitude	geography.coordinate.latitude	latitude	0.95	latitude	0.97	latitude	0.98	latitude	3	0.97	51.6253086 | 51.6240158 | 51.6243668 | 51.6304552 | 51.6315355 | 51.6373646 | 51.6228242 | 51.6241983 | 51.6243204 | 51.629305 | 51.6297278 | 51.6333681 | 51.6363555 | 51.6414914 | 51.6462196 | 51.6264613 | 51.626838 | 51.6240296 | 51.6261115 | 51.6285093
p0063	header-heuristic	CONFIRM	geography.coordinate.latitude	geography.coordinate.latitude	latitude	0.95	latitude	0.97	latitude	0.98	latitude	3	0.97	51.7079681 | 51.7070625 | 51.7081533 | 51.708507 | 51.707524 | 51.7085375 | 51.7087359 | 51.7086407
p0064	header-heuristic	CONFIRM	geography.coordinate.latitude	geography.coordinate.latitude	latitude	0.95	latitude	0.97	latitude	0.98	latitude	3	0.97	51.868169 | 51.890164 | 51.877889 | 51.878839 | 51.944817 | 51.871448 | 51.876107 | 52.041388 | 51.886136 | 51.880304 | 51.80647 | 51.877642 | 51.860707 | 52.013376 | 51.943806 | 51.862368 | 51.926796 | 51.7783 | 51.776791 | 51.941767
p0065	header-heuristic	CONFIRM	geography.coordinate.latitude	geography.coordinate.latitude	latitude	0.95	latitude	0.97	latitude	0.98	latitude	3	0.97	51.268051 | 51.280815 | 51.239902 | 51.253292 | 51.262632 | 51.266225 | 51.225524 | 51.280974 | 51.281494 | 51.263836 | 51.262572 | 51.262599 | 51.255846 | 51.354703 | 51.355794 | 51.255833 | 51.261576 | 51.266048 | 51.252745 | 51.261669
p0066	header-heuristic	CONFIRM	geography.coordinate.latitude	geography.coordinate.latitude	latitude	0.95	latitude	0.97	latitude	0.98	latitude	3	0.97	51.268051 | 51.280815 | 51.253292 | 51.262632 | 51.258786 | 51.266225 | 51.355794 | 51.266048 | 51.252745 | 51.261669 | 51.357905 | 51.354159 | 51.259787 | 51.253112 | 51.268751 | 51.226766 | 51.262599 | 51.255846 | 51.280974 | 51.354703
p0067	header-heuristic	CONFIRM	geography.coordinate.latitude	geography.coordinate.latitude	latitude	0.9	latitude	0.92	latitude	0.92	latitude	3	0.91	37.16 | 39.5 | 38.33 | 37.73 | 39.47 | 38.95 | 40.67 | 39.2 | 39.59 | 40.42 | 39.15 | 38.85 | 40.19 | 41.2 | 41.63 | 41.8 | 41.33 | 41.49 | 39.93 | 41.51
p0068	header-heuristic	CONFIRM	geography.coordinate.longitude	geography.coordinate.longitude	longitude	0.75	latitude	0.75	longitude	0.92	latitude	2	0.83	51.4591 | 51.62127 | 51.56735 | 51.45541 | 51.44741 | 51.50205 | 51.41971 | 51.56134 | 51.34238 | 51.37286 | 51.39734 | 51.76999 | 51.40532 | 51.49301 | 51.48136 | 51.46533 | 51.40955 | 51.6341 | 51.39035 | 51.5335
p0069	header-heuristic	CONFIRM	geography.coordinate.longitude	geography.coordinate.longitude	longitude	0.95	longitude	0.97	longitude	0.98	longitude	3	0.97	7.4192121 | 7.4149268 | 7.4150503 | 7.4110848 | 7.4208665 | 7.4190744 | 7.4166837 | 7.4153203 | 7.4168157 | 7.4148694 | 7.4197706 | 7.419075 | 7.4191824 | 7.415826 | 7.4221118 | 7.4193239 | 7.4154892 | 7.4162173 | 7.410279 | 7.4111688
p0070	header-heuristic	CONFIRM	geography.coordinate.longitude	geography.coordinate.longitude	longitude	0.95	longitude	0.97	longitude	0.98	longitude	3	0.97	7.4054759 | 7.4056941 | 7.4037167 | 7.4036925 | 7.4108738 | 7.410241 | 7.4058134 | 7.4064186 | 7.4036139 | 7.4035853 | 7.402456 | 7.4018069 | 7.4018351 | 7.404792 | 7.410942 | 7.4107026 | 7.4036671 | 7.4017666 | 7.405544 | 7.402581
p0071	header-heuristic	CONFIRM	geography.coordinate.longitude	geography.coordinate.longitude	longitude	0.95	longitude	0.97	longitude	0.98	longitude	3	0.97	7.4018841 | 7.4048067 | 7.4203939 | 7.4203891 | 7.4225959 | 7.4309668 | 7.4472009 | 7.4504665 | 7.4566649 | 7.4115066 | 7.4067787 | 7.4052507 | 7.403793 | 7.4023242 | 7.4064711 | 7.4190809 | 7.424556 | 7.4270288 | 7.4288625 | 7.435032
p0072	header-heuristic	CONFIRM	geography.coordinate.longitude	geography.coordinate.longitude	longitude	0.95	longitude	0.97	longitude	0.98	longitude	3	0.97	7.4105404 | 7.410568 | 7.4105595 | 7.4105395 | 7.4107368 | 7.4105432
p0073	header-heuristic	CONFIRM	geography.coordinate.longitude	geography.coordinate.longitude	longitude	0.95	longitude	0.97	longitude	0.98	longitude	3	0.97	7.4739114 | 7.4914812 | 7.4967916 | 7.4977935 | 7.5009141 | 7.5014692 | 7.5007424 | 7.4771243 | 7.4815003 | 7.4880688 | 7.4968702 | 7.503818 | 7.4738771 | 7.4746226 | 7.4792965 | 7.4858768 | 7.4983774 | 7.5001888 | 7.4837297 | 7.4965058
p0074	header-heuristic	CONFIRM	geography.coordinate.longitude	geography.coordinate.longitude	longitude	0.95	longitude	0.97	longitude	0.98	longitude	3	0.97	7.4659569 | 7.4680171 | 7.4682656 | 7.4729473 | 7.4730781 | 7.462985 | 7.4685944 | 7.4683448 | 7.4671492 | 7.4682724 | 7.4667515 | 7.4561312 | 7.4633331 | 7.4681284 | 7.4676114 | 7.4673802 | 7.4694796 | 7.467712 | 7.4670551 | 7.467228
p0075	header-heuristic	CONFIRM	geography.coordinate.longitude	geography.coordinate.longitude	longitude	0.95	longitude	0.97	longitude	0.98	longitude	3	0.97	7.4559431 | 7.4729555 | 7.4694405 | 7.4701083 | 7.4587886 | 7.4586063 | 7.4646703 | 7.4726341 | 7.4603311 | 7.4671294 | 7.4715578 | 7.4552163 | 7.4562337 | 7.4622892 | 7.472873 | 7.4587756 | 7.4583052 | 7.4713451 | 7.4697851 | 7.4574565
p0076	header-heuristic	CONFIRM	geography.coordinate.longitude	geography.coordinate.longitude	longitude	0.93	longitude	0.92	longitude	0.92	longitude	3	0.92	7.5162223 | 7.5131015 | 7.5193992 | 7.5133385 | 0.0 | 7.5164637
p0077	header-heuristic	CONFIRM	geography.coordinate.longitude	geography.coordinate.longitude	longitude	0.95	longitude	0.97	longitude	0.98	longitude	3	0.97	7.4733665 | 7.4733678 | 7.4724594 | 7.4734274 | 7.4733653
p0078	header-heuristic	CONFIRM	geography.coordinate.longitude	geography.coordinate.longitude	longitude	0.95	longitude	0.97	longitude	0.98	longitude	3	0.97	7.8528743 | 7.8534904 | 7.8513404 | 7.8511149 | 7.8519464 | 7.8512747
p0079	header-heuristic	CONFIRM	geography.coordinate.longitude	geography.coordinate.longitude	longitude	0.95	longitude	0.97	longitude	0.98	longitude	3	0.97	6.9463407 | 6.9460471 | 6.9468089 | 6.9477072 | 6.9460698 | 6.9477154 | 6.9483269 | 6.9474948
p0080	header-heuristic	CONFIRM	geography.coordinate.longitude	geography.coordinate.longitude	longitude	0.95	longitude	0.97	longitude	0.98	longitude	3	0.97	6.9474948 | 6.9463407 | 6.9460471 | 6.9468089 | 6.9477072 | 6.9460698 | 6.9477154 | 6.9483269
p0081	header-heuristic	CONFIRM	geography.coordinate.longitude	geography.coordinate.longitude	longitude	0.95	longitude	0.97	longitude	0.98	longitude	3	0.97	7.8153838 | 7.8141138 | 7.8167912 | 7.8147547 | 7.8176819 | 7.8174929 | 7.8161991 | 7.8171837 | 7.816951
p0082	header-heuristic	CONFIRM	geography.coordinate.longitude	geography.coordinate.longitude	longitude	0.95	longitude	0.97	longitude	0.98	longitude	3	0.97	7.8311964 | 7.8259587 | 7.826579 | 7.8297706 | 7.8280182
p0083	header-heuristic	CONFIRM	geography.coordinate.longitude	geography.coordinate.longitude	longitude	0.95	longitude	0.97	longitude	0.98	longitude	3	0.97	7.8471073 | 7.8440978 | 7.8445845 | 7.8453201 | 7.8444023 | 7.8445467 | 7.8468454 | 7.8461185 | 7.8459204 | 7.8452751 | 7.8474768 | 7.8471713 | 7.8456032 | 7.8449706 | 7.8470492 | 7.8451038 | 7.8444037 | 7.8459533 | 7.8449159 | 7.8451275
p0084	header-heuristic	CONFIRM	geography.coordinate.longitude	geography.coordinate.longitude	longitude	0.95	longitude	0.97	longitude	0.98	longitude	3	0.97	7.6165339 | 7.6166245 | 7.6159197 | 7.6141395 | 7.6285336 | 7.6177844 | 7.6151872 | 7.6135599 | 7.6253045 | 7.6201146 | 7.6167541 | 7.6147934 | 7.6136301 | 7.6311776 | 7.623115 | 7.6165823 | 7.6165821 | 7.6171569
p0085	header-heuristic	CONFIRM	geography.coordinate.longitude	geography.coordinate.longitude	longitude	0.95	longitude	0.97	longitude	0.98	longitude	3	0.97	7.6159065 | 7.6170613 | 7.6212068 | 7.6165267 | 7.6140722 | 7.6136415 | 7.6179291 | 7.6147369 | 7.6169159
p0086	header-heuristic	CONFIRM	geography.coordinate.longitude	geography.coordinate.longitude	longitude	0.95	longitude	0.97	longitude	0.98	longitude	3	0.97	7.8569867 | 7.8731651 | 7.875601 | 7.9233601 | 7.9199048 | 7.8627735 | 7.8656227 | 7.9176917 | 7.8838684 | 7.9162919 | 7.9231003 | 7.8691956 | 7.8711542 | 7.8861899 | 7.890032 | 7.892547 | 7.894252 | 7.9105962 | 7.9194709 | 7.8573993
p0087	header-heuristic	CONFIRM	geography.coordinate.longitude	geography.coordinate.longitude	longitude	0.95	longitude	0.97	longitude	0.98	longitude	3	0.97	7.4055579 | 7.4017798 | 7.4018363 | 7.420322 | 7.4204462 | 7.4071657 | 7.4115276 | 7.4043086 | 7.403703 | 7.4147785 | 7.4152347 | 7.4191422 | 7.4248352 | 7.4157057 | 7.4160014 | 7.414927 | 7.4120476 | 7.4109894 | 7.4031928 | 7.4020141
p0088	header-heuristic	CONFIRM	geography.coordinate.longitude	geography.coordinate.longitude	longitude	0.95	longitude	0.97	longitude	0.98	longitude	3	0.97	7.8457662 | 7.8555364 | 7.8485786 | 7.8451046 | 7.8534539 | 7.8552372 | 7.8547366 | 7.8557059 | 7.8557461 | 7.8536579 | 7.8511169 | 7.8511373 | 7.8524545 | 7.8543169 | 7.8468705 | 7.8478769 | 7.8521496 | 7.8490822 | 7.8487074 | 7.8441949
p0089	header-heuristic	CONFIRM	geography.coordinate.longitude	geography.coordinate.longitude	longitude	0.95	longitude	0.97	longitude	0.98	longitude	3	0.97	7.8461078 | 7.8469834 | 7.8425376 | 7.7409951 | 7.7219355 | 7.681967 | 7.6756605 | 7.6703445 | 7.6281083 | 7.6091275 | 7.5876208 | 7.5814168 | 7.5585355 | 7.5545687 | 7.4934157 | 7.5105235 | 7.8443488 | 7.8447346 | 7.8464151 | 7.8228
p0090	header-heuristic	CONFIRM	geography.coordinate.longitude	geography.coordinate.longitude	longitude	0.95	longitude	0.97	longitude	0.98	longitude	3	0.97	7.8508329 | 7.8507204 | 7.846381 | 7.8507546 | 7.8507519
p0091	header-heuristic	CONFIRM	geography.coordinate.longitude	geography.coordinate.longitude	longitude	0.95	longitude	0.97	longitude	0.98	longitude	3	0.97	7.8512601 | 7.8509227 | 7.8508461 | 7.8508684 | 7.8512434
p0092	header-heuristic	CONFIRM	geography.coordinate.longitude	geography.coordinate.longitude	longitude	0.95	longitude	0.97	longitude	0.98	longitude	3	0.97	7.8594865 | 7.854686 | 7.8450051 | 7.8495672 | 7.8506199 | 7.8983342 | 7.8634305 | 7.8560288 | 7.8541381 | 7.8532161 | 7.852221 | 7.9100552 | 7.8903273 | 7.8808567 | 7.8652854 | 7.8551062 | 7.9110213 | 7.8618926 | 7.8557849 | 7.8468027
p0093	header-heuristic	CONFIRM	geography.coordinate.longitude	geography.coordinate.longitude	longitude	0.95	longitude	0.97	longitude	0.98	longitude	3	0.97	7.5477524 | 7.5473094 | 7.5487798 | 7.5473312 | 7.5482395 | 7.5480358 | 7.5472119 | 7.5470537
p0094	header-heuristic	CONFIRM	geography.coordinate.longitude	geography.coordinate.longitude	longitude	0.9	longitude	0.92	longitude	0.92	longitude	3	0.91	0.440652 | 0.598066 | 0.543869 | 0.555536 | 0.63265 | 0.578255 | 0.557584 | 0.535404 | 0.59318 | 0.549775 | 0.563915 | 0.740376 | 0.558907 | 0.637535 | 0.552284 | 0.561304 | 0.555406 | 0.562537 | 0.589975 | 0.552781
p0095	header-heuristic	CONFIRM	geography.coordinate.longitude	geography.coordinate.longitude	longitude	0.95	longitude	0.97	longitude	0.95	longitude	3	0.96	-1.144756 | -1.375911 | -1.096027 | -1.172679 | -1.0878 | -1.087786 | -1.257512 | -1.101538 | -1.086569 | -1.073897 | -1.086105 | -1.089371 | -1.089191 | -1.057254 | -1.089837 | -1.076991 | -1.119274 | -1.108218 | -1.10259 | -1.395019
p0096	header-heuristic	CONFIRM	geography.coordinate.longitude	geography.coordinate.longitude	longitude	0.95	longitude	0.97	longitude	0.95	longitude	3	0.96	-1.100125 | -1.172679 | -1.0878 | -1.087786 | -1.08414 | -1.096027 | -1.257512 | -1.086105 | -1.089371 | -1.089191 | -1.073897 | -1.337799 | -1.089837 | -1.342453 | -1.041187 | -1.076991 | -1.085948 | -1.119274 | -1.10259 | -1.098058
p0097	header-heuristic	CONFIRM	geography.coordinate.longitude	geography.coordinate.longitude	longitude	0.92	longitude	0.97	longitude	0.95	longitude	3	0.95	-116.02 | -96.23 | -95.57 | -90.22 | -91.94 | -89.94 | -90.33 | -87.9 | -87.67 | -87.5 | -87.07 | -85.85 | -86.34 | -86.54 | -85.64 | -85.69 | -89.68 | -83.99 | -83.4 | -82.93
p0098	header-heuristic	CONFIRM	representation.numeric.decimal_number	representation.numeric.decimal_number	decimal_number	0.9	decimal_number	0.9	decimal_number	0.88	decimal_number	3	0.89	-0.1743540918 | -0.2970411003 | 0.0697518512 | -0.2968172744 | 0.2638371584 | 0.8865254635 | -0.2636137174 | -0.8858231495 | 0.4089011481 | 0.8028144009 | 1.2239318904 | -0.3980923617 | 0.0891841811 | -0.3606782043 | -0.5190120734 | 0.2896121439 | -0.7150384019 | 0.8040689534 | 0.2415638821 | -1.0457651916
p0099	header-heuristic	CONFIRM	representation.numeric.decimal_number	representation.numeric.decimal_number	decimal_number	0.9	decimal_number	0.9	decimal_number	0.88	decimal_number	3	0.89	0.7697499917 | -2.617253709 | -0.0038008863 | -0.2054893786 | 1.8127687129 | -0.984229348 | -0.2639202487 | 1.4353381299 | 1.3950145324 | -0.0536370581 | 0.8603383756 | -0.5826371212 | -1.0788636114 | -2.5569133989 | 1.8567435852 | -1.1690370997 | 0.8297838434 | 0.1361037868 | 0.4211144646 | -1.1653324484
p0100	header-heuristic	CONFIRM	representation.numeric.decimal_number	representation.numeric.decimal_number	decimal_number	0.9	decimal_number	0.9	decimal_number	0.85	decimal_number	3	0.88	0.238254101 | -0.796794527 | -0.0108368189 | -0.1463641074 | -0.2378421105 | -0.2055005829 | -0.9290712847 | 0.386624319 | -0.4379176423 | -0.0545614265 | -0.4166630507 | -0.0938654788 | -0.8509338478 | 0.0854716844 | -0.3295647132 | -0.1649683491 | -0.5261068361 | -0.3751630952 | -0.3280663463 | -0.3043071942
p0101	header-heuristic	CONFIRM	representation.numeric.decimal_number	representation.numeric.decimal_number	decimal_number	0.88	longitude	0.65	decimal_number	0.85	decimal_number	2	0.86	12.59 | 12.46 | 12.52 | 12.7 | 13.12 | 11.526 | 11.357 | 12.73 | 12.74 | 12.64 | 12.7442596 | 12.63750839 | 12.97901082 | 13.00893307 | 12.91538215 | 12.84284878 | 13.00265002 | 12.42121291 | 13.04348087 | 13.27274394
p0102	header-heuristic	CONFIRM	representation.numeric.decimal_number	representation.numeric.decimal_number	decimal_number	0.88	longitude	0.65	decimal_number	0.85	decimal_number	2	0.86	12.49 | 13.03 | 12.61 | 13.51 | 13.57 | 12.77 | 13.18 | 11.5255930423736 | 11.3571126461029 | 11.4055514335632 | 12.43 | 12.34 | 12.9797449111938 | 12.1879386901855 | 13.107477903366 | 13.1098229885101 | 12.5184051990509 | 12.3291194438934 | 12.4489703178405 | 13.2707703113555
p0103	header-heuristic	CONFIRM	representation.numeric.decimal_number	representation.numeric.decimal_number	decimal_number	0.88	longitude	0.6	decimal_number	0.85	decimal_number	2	0.86	13.1864354610443 | 13.42 | 13.52 | 13.58 | 13.0961828231811 | 13.8813865184783 | 12.8920657634735 | 12.4654326438903 | 13.79 | 17.02 | 12.98 | 16.36 | 17.41 | 17.1 | 17.1647398471832 | 16.4824833869934 | 17.4046113491058 | 17.3718163967132 | 18.0233662128448 | 17.4222824573516
p0104	header-heuristic	CONFIRM	representation.numeric.decimal_number	representation.numeric.decimal_number	decimal_number	0.88	longitude	0.6	decimal_number	0.85	decimal_number	2	0.86	18.777 | 21.648 | 22.451 | 21.94 | 22.426 | 22.304 | 22.72420645 | 29.253 | 25.264 | 23.941 | 27.961 | 21.435 | 27.05157971 | 23.67960334 | 22.117 | 18.356 | 23.897 | 23.566 | 22.434 | 21.12161851
p0105	header-heuristic	CONFIRM	representation.numeric.decimal_number	representation.numeric.decimal_number	decimal_number	0.9	decimal_number	0.85	decimal_number	0.85	decimal_number	3	0.87	21.1908 | 0.405169 | 0.343497 | 0.37345 | 22.0357 | 0.412278 | 22.6634 | 0.497575 | 21.9763 | 22.3499 | 0.70577 | 0.381557 | 22.3102 | 22.7103 | 22.6617 | 0.612439 | 0.579978 | 21.9824 | 0.442587 | 22.7046
p0106	header-heuristic	CONFIRM	representation.numeric.decimal_number	representation.numeric.decimal_number	decimal_number	0.9	decimal_number	0.85	decimal_number	0.85	decimal_number	3	0.87	0.563246 | 22.0284 | 0.376579 | 22.1853 | 22.0071 | 0.446564 | 21.9759 | 22.0373 | 21.9691 | 0.419207 | 21.9846 | 0.577919 | 0.32129 | 0.379819 | 22.02 | 22.173 | 0.490071 | 0.300276 | 0.300795 | 0.381046
p0107	header-heuristic	CONFIRM	representation.numeric.decimal_number	representation.numeric.decimal_number	decimal_number	0.9	decimal_number	0.92	decimal_number	0.9	decimal_number	3	0.91	0.133827 | 0.15623 | 0.133254 | 0.133428 | 0.133852 | 0.133447 | 0.156778 | 0.133619 | 0.13295 | 0.133439 | 0.203397 | 0.154393 | 0.132673 | 0.133388 | 0.132935 | 0.177982 | 0.159363 | 0.133813 | 0.133652 | 0.132729
p0108	header-heuristic	CONFIRM	representation.numeric.decimal_number	representation.numeric.decimal_number	decimal_number	0.9	decimal_number	0.92	decimal_number	0.9	decimal_number	3	0.91	0.910362 | 0.989883 | 0.854517 | 1.17321 | 0.931718 | 0.929178 | 0.965277 | 1.24361 | 1.17702 | 1.00693 | 1.1278 | 0.938673 | 1.16967 | 1.51752 | 0.85312 | 1.32765 | 0.972956 | 0.841932 | 0.845835 | 0.898733
p0109	header-heuristic	CONFIRM	representation.numeric.decimal_number	representation.numeric.decimal_number	decimal_number	0.9	decimal_number	0.92	decimal_number	0.9	decimal_number	3	0.91	0.555 | 0.551373 | 0.532712 | 0.539145 | 0.609096 | 0.503333 | 0.585476 | 0.554259 | 0.52754 | 0.5348 | 0.543247 | 0.549684 | 0.572529 | 0.577035 | 0.581149 | 0.618866 | 0.57725 | 0.5925 | 0.551562 | 0.552551
p0110	header-heuristic	CONFIRM	representation.numeric.decimal_number	representation.numeric.decimal_number	decimal_number	0.9	decimal_number	0.92	decimal_number	0.9	decimal_number	3	0.91	0.635357 | 0.6974 | 0.691429 | 0.700795 | 0.698229 | 0.647021 | 0.654388 | 0.7525 | 0.695 | 0.645 | 0.683913 | 0.697692 | 0.682258 | 0.669118 | 0.688776 | 0.676792 | 0.676 | 0.671875 | 0.662059 | 0.665214
p0111	header-heuristic	CONFIRM	representation.numeric.decimal_number	representation.numeric.decimal_number	decimal_number	0.9	decimal_number	0.92	decimal_number	0.9	decimal_number	3	0.91	0.261866 | 0.348895 | 0.358199 | 0.344119 | 0.335965 | 0.281765 | 0.300943 | 0.348953 | 0.355649 | 0.362529 | 0.258189 | 0.236167 | 0.356011 | 0.355215 | 0.366805 | 0.340431 | 0.344967 | 0.336378 | 0.334409 | 0.326735
p0112	header-heuristic	CONFIRM	representation.numeric.decimal_number	representation.numeric.decimal_number	decimal_number	0.9	decimal_number	0.92	decimal_number	0.9	decimal_number	3	0.91	0.372368 | 0.368889 | 0.370606 | 0.372105 | 0.367021 | 0.367981 | 0.366349 | 0.367109 | 0.368731 | 0.370274 | 0.372151 | 0.371761 | 0.339444 | 0.356923 | 0.37 | 0.306 | 0.328571 | 0.37125 | 0.367283 | 0.3701
p0113	header-heuristic	CONFIRM	representation.numeric.decimal_number	representation.numeric.decimal_number	decimal_number	0.9	decimal_number	0.92	decimal_number	0.9	decimal_number	3	0.91	0.82125 | 0.847 | 0.843056 | 0.843 | 0.832432 | 0.833293 | 0.83369 | 0.834167 | 0.8275 | 0.82537 | 0.825 | 0.829 | 0.845588 | 0.831207 | 0.831875 | 0.832286 | 0.834222 | 0.827869 | 0.827385 | 0.825449
p0114	header-heuristic	CONFIRM	representation.numeric.decimal_number	representation.numeric.decimal_number	decimal_number	0.9	decimal_number	0.92	decimal_number	0.9	decimal_number	3	0.91	0.679453 | 0.685137 | 0.654992 | 0.655194 | 0.644888 | 0.644847 | 0.631056 | 0.634734 | 0.631647 | 0.63339 | 0.678112 | 0.677817 | 0.66075 | 0.634799 | 0.641988 | 0.648631 | 0.680246 | 0.676977 | 0.652459 | 0.65307
p0115	header-heuristic	CONFIRM	datetime.component.year	datetime.component.year	year	0.95	year	0.97	year	0.95	year	3	0.96	2006 | 1998 | 1992 | 1986 | 2016 | 2014 | 2009 | 1996 | 1993 | 1988 | 1984 | 2012 | 2003 | 2002 | 1983 | 2004 | 2000 | 1980 | 2011 | 2010
p0116	header-heuristic	CONFIRM	datetime.component.year	datetime.component.year	year	0.95	year	0.97	year	0.95	year	3	0.96	1983 | 1997 | 1987 | 1986 | 2002 | 1985
p0117	header-heuristic	CONFIRM	datetime.component.year	datetime.component.year	year	0.95	year	0.97	year	0.95	year	3	0.96	1994 | 2003 | 1999 | 2001 | 2002 | 1995 | 1998 | 2000 | 1997 | 1996
p0118	header-heuristic	CONFIRM	datetime.component.year	datetime.component.year	year	0.93	year	0.92	year	0.9	year	3	0.92	1983 | 2012 | 1980 | 2011 | 1993 | 1979 | 1978 | 1984 | 1985 | 1995 | 1976 | 2016 | 2001 | 2003 | 0 | 1977 | 2006 | 1982 | 2014 | 2018
p0119	header-heuristic	CONFIRM	datetime.component.year	datetime.component.year	year	0.95	year	0.97	year	0.95	year	3	0.96	1994 | 2003 | 1999 | 2001 | 2002 | 1998 | 2000 | 1997 | 1996 | 1995
p0120	header-heuristic	CONFIRM	datetime.component.year	datetime.component.year	year	0.95	year	0.97	year	0.95	year	3	0.96	2019 | 2012 | 1997 | 2008 | 2014 | 2011 | 2006 | 2010 | 2016 | 2005 | 2004 | 2018 | 1998 | 2009 | 2003 | 2017 | 1999 | 2020
p0121	header-heuristic	CONFIRM	datetime.component.year	datetime.component.year	year	0.95	year	0.97	year	0.95	year	3	0.96	2010 | 2015 | 2017 | 2018 | 2011 | 2014 | 2012 | 2013 | 2016
p0122	header-heuristic	CONFIRM	datetime.component.year	datetime.component.year	year	0.95	year	0.97	year	0.95	year	3	0.96	2010 | 2016 | 2005 | 2004 | 2018 | 1998 | 2020 | 2009 | 2003 | 2017 | 1999 | 2014 | 2011 | 2006 | 2019 | 2012 | 1997 | 2008
p0123	header-heuristic	CONFIRM	datetime.component.year	datetime.component.year	year	0.95	year	0.97	year	0.95	year	3	0.96	1930 | 1998 | 1967 | 1946 | 1915 | 1982 | 1996 | 1959 | 1980 | 1979 | 1950 | 2000 | 1977 | 1990 | 1945 | 1969 | 2002 | 1957 | 1985 | 1989
p0124	header-heuristic	CONFIRM	datetime.component.year	datetime.component.year	year	0.95	year	0.97	year	0.95	year	3	0.96	1959 | 1980 | 1979 | 1950 | 2000 | 1977 | 1990 | 1945 | 1969 | 1930 | 1998 | 1967 | 1946 | 1915 | 1982 | 1996 | 1957 | 1985 | 1989 | 1963
p0125	header-heuristic	CONFIRM	datetime.component.year	datetime.component.year	year	0.95	year	0.97	year	0.95	year	3	0.96	1930 | 1998 | 1967 | 1946 | 1915 | 1982 | 1996 | 1959 | 1980 | 1979 | 1950 | 2000 | 1977 | 1990 | 1945 | 1969 | 1957 | 1985 | 1989 | 1986
p0126	header-heuristic	CONFIRM	datetime.component.year	datetime.component.year	year	0.95	year	0.97	year	0.95	year	3	0.96	1930 | 1998 | 1967 | 1946 | 1915 | 1982 | 1996 | 1959 | 1980 | 1979 | 1950 | 2000 | 1977 | 1990 | 1945 | 1969 | 1957 | 1985 | 1989 | 2002
p0127	header-heuristic	CONFIRM	datetime.component.year	datetime.component.year	year	0.95	year	0.97	year	0.95	year	3	0.96	1930 | 1998 | 1967 | 1946 | 1915 | 1982 | 1996 | 1959 | 1980 | 1979 | 1950 | 2000 | 1977 | 1990 | 1945 | 1969 | 2002 | 1986 | 1978 | 1944
p0128	header-heuristic	CONFIRM	datetime.component.year	datetime.component.year	year	0.95	year	0.97	year	0.95	year	3	0.96	1930 | 1998 | 1967 | 1946 | 1915 | 1982 | 1996 | 1963 | 1972 | 1992 | 1976 | 2001 | 1999 | 1995 | 1934 | 2005 | 1974 | 1981 | 1961 | 1959
p0129	header-heuristic	CONFIRM	datetime.component.year	datetime.component.year	year	0.95	year	0.97	year	0.95	year	3	0.96	1921 | 1932 | 1936 | 1937 | 1943 | 1947 | 1952 | 1953 | 1973 | 1976 | 1988 | 2002 | 2004 | 2012 | 2013 | 2018 | 1930 | 1935 | 1938 | 1951
p0130	header-heuristic	CONFIRM	datetime.component.year	datetime.component.year	year	0.95	year	0.97	year	0.95	year	3	0.96	2015 | 2019 | 2017 | 2018 | 2012 | 2010 | 2011 | 2014 | 2013 | 2016
p0131	header-heuristic	CONFIRM	datetime.component.year	datetime.component.year	year	0.95	year	0.97	year	0.95	year	3	0.96	1952 | 1973 | 2013 | 1953 | 2012 | 2002 | 2004 | 1988 | 1976 | 1921 | 1936 | 2006 | 1975 | 1956 | 2000 | 1958 | 1983 | 1985 | 1986 | 1926
p0132	header-heuristic	CONFIRM	datetime.component.year	datetime.component.year	year	0.95	year	0.97	year	0.95	year	3	0.96	1952 | 1973 | 2013 | 1953 | 2012 | 2002 | 2004 | 1988 | 1976 | 1921 | 1936 | 2008 | 1999 | 1946 | 1942 | 1980 | 1987 | 2005 | 1934 | 1998
p0133	header-heuristic	CONFIRM	datetime.component.year	datetime.component.year	year	0.95	year	0.97	year	0.95	year	3	0.96	1952 | 1973 | 2013 | 1953 | 2012 | 2002 | 2004 | 1988 | 1976 | 1921 | 1936 | 2006 | 1975 | 1956 | 2000 | 1958 | 1983 | 1985 | 1986 | 1926
p0134	header-heuristic	CONFIRM	datetime.component.year	datetime.component.year	year	0.95	year	0.97	year	0.95	year	3	0.96	2002 | 1936 | 2013 | 2012 | 1976 | 1988 | 2004 | 1952 | 1973 | 1921 | 1953 | 1975 | 2000 | 1985 | 2006 | 1958 | 1986 | 1983 | 1965 | 1926
p0135	header-heuristic	CONFIRM	datetime.component.year	datetime.component.year	year	0.95	year	0.97	year	0.95	year	3	0.96	1952 | 1973 | 2013 | 1953 | 2012 | 2002 | 2004 | 1988 | 1976 | 1921 | 1936 | 2006 | 1975 | 1956 | 2000 | 1958 | 1983 | 1985 | 1986 | 1926
p0136	header-heuristic	CONFIRM	datetime.component.year	datetime.component.year	year	0.95	year	0.97	year	0.95	year	3	0.96	1952 | 1973 | 2013 | 1953 | 2012 | 2002 | 2004 | 1988 | 1976 | 1921 | 1936 | 2006 | 1975 | 1956 | 2000 | 1958 | 1983 | 1985 | 1986 | 1926
p0137	header-heuristic	CONFIRM	datetime.component.year	datetime.component.year	year	0.95	year	0.97	year	0.95	year	3	0.96	1952 | 1973 | 2013 | 1953 | 2012 | 2002 | 2004 | 1988 | 1976 | 1921 | 1936 | 2006 | 1975 | 1956 | 2000 | 1958 | 1983 | 1985 | 1986 | 1926
p0138	header-heuristic	CONFIRM	datetime.component.year	datetime.component.year	year	0.95	year	0.97	year	0.95	year	3	0.96	1952 | 1973 | 2013 | 1953 | 2012 | 2002 | 2004 | 1988 | 1976 | 1921 | 1936 | 2006 | 1975 | 1956 | 2000 | 1958 | 1983 | 1985 | 1986 | 1926
p0139	header-heuristic	CONFIRM	datetime.component.year	datetime.component.year	year	0.95	year	0.97	year	0.95	year	3	0.96	1952 | 1973 | 2013 | 1953 | 2012 | 2002 | 2004 | 1988 | 1976 | 1921 | 1936 | 1995 | 1991 | 1963 | 1971 | 1931 | 1950 | 2014 | 2009 | 1939
p0140	header-heuristic	CONFIRM	datetime.component.year	datetime.component.year	year	0.95	year	0.97	year	0.95	year	3	0.96	2006 | 1975 | 1956 | 2000 | 1958 | 1983 | 1985 | 1986 | 1926 | 1965 | 1996 | 1951 | 1980 | 1987 | 1952 | 1973 | 2013 | 1953 | 2012 | 2002
p0141	header-heuristic	CONFIRM	datetime.component.year	datetime.component.year	year	0.95	year	0.97	year	0.95	year	3	0.96	1952 | 1973 | 2013 | 1953 | 2012 | 2002 | 2004 | 1988 | 1976 | 1921 | 1936 | 1961 | 1993 | 2006 | 1975 | 1956 | 2000 | 1958 | 1983 | 1985
p0142	header-heuristic	CONFIRM	datetime.component.year	datetime.component.year	year	0.95	year	0.97	year	0.95	year	3	0.96	1952 | 1973 | 2013 | 1953 | 2012 | 2002 | 2004 | 1988 | 1976 | 1921 | 1936 | 2006 | 1975 | 1956 | 2000 | 1958 | 1983 | 1985 | 1986 | 1926
p0143	header-heuristic	CONFIRM	datetime.component.year	datetime.component.year	year	0.95	year	0.97	year	0.95	year	3	0.96	1976 | 2013 | 1988 | 2002 | 2012 | 2004 | 1952 | 1936 | 1973 | 1953 | 1921 | 1951 | 1986 | 1930 | 2000 | 1985 | 1975 | 1938 | 1996 | 1965
p0144	header-heuristic	CONFIRM	datetime.component.year	datetime.component.year	year	0.95	year	0.97	year	0.95	year	3	0.96	1974 | 1957 | 1999 | 1995 | 1985 | 2016 | 1984 | 1964 | 1950 | 2005 | 1925 | 1982 | 1955 | 1937 | 1934 | 1972 | 2003 | 2001 | 1975 | 1946
p0145	header-heuristic	CONFIRM	representation.numeric.integer_number	representation.identifier.increment	integer_number	0.78	integer_number	0.88	integer_number	0.9	integer_number	3	0.85	9206 | 9204 | 9199 | 9186 | 9183 | 9178 | 9174 | 9201 | 9200 | 9195 | 9191 | 9185 | 9184 | 9180 | 9169 | 9196 | 9188 | 9182 | 9177 | 9176
p0146	header-heuristic	CONFIRM	representation.numeric.integer_number	representation.numeric.integer_number	integer_number	0.9	integer_number	0.9	integer_number	0.9	integer_number	3	0.9	4322 | 1332 | 1135 | 944 | 794 | 626 | 625 | 468 | 467 | 434 | 430 | 427 | 376 | 371 | 370 | 366 | 355 | 353 | 321 | 300
p0147	header-heuristic	CONFIRM	representation.numeric.integer_number	representation.numeric.integer_number	integer_number	0.9	integer_number	0.88	integer_number	0.85	integer_number	3	0.88	2150 | 750 | 695 | 725 | 1225 | 1420 | 1075 | 1425 | 720 | 745 | 825 | 1500 | 1950 | 1850 | 1800 | 925 | 1125 | 1400
p0148	control	CONFIRM	representation.discrete.categorical	representation.discrete.ordinal	categorical	0.85	categorical	0.9	categorical	0.92	categorical	3	0.89	FixedSampleRecord | FixedSampleRecordSortable | TestRecord
p0149	control	CONFIRM	representation.numeric.decimal_number	representation.numeric.decimal_number	decimal_number	0.9	decimal_number	0.9	decimal_number	0.85	decimal_number	3	0.88	75.1808 | 72.2521 | 72.2218 | 74.9495 | 72.7677 | 73.3632 | 72.9811
p0150	control	CONFIRM	representation.identifier.alphanumeric_id	technology.internet.url	alphanumeric_id	0.95	alphanumeric_id	0.95	alphanumeric_id	0.95	alphanumeric_id	3	0.95	msg33873840 | msg45427779 | msg36442168 | msg38764462 | msg34374931 | msg45755365 | msg25875593 | msg38394048
p0152	control	CONFIRM	technology.internet.url	technology.internet.url	url	0.97	url	0.98	url	0.98	url	3	0.98	http://www.huntto.net | http://www.nikevapors.com/ | http://www.hchbcq.cn | http://www.jodans-air.com | http://arto.com/section/blog/ViewEntry.a | http://www.thoughtfulminds.org/blog/esse | http://blogs.law.harvard.edu/philg/2011/ | http://hotspot2012.blogspot.com/2011/09/ | http://www.bidrivalsbuddy.com/ | http://www.youtube.com/watch?v=JC_r4vVtb | http://bit.ly/pKluG9 | http://techblog.netflix.com/2011/09/netf | http://soundcloud.com/groups/purebiotix- | http://www.monclercoatsjacketssale.co.uk | http://senthilnambi.posterous.com/someth | http://www.blogoholic.in/2011/09/10/nico | http://www.ubergizmo.com/2011/09/the-mar | http://inkexpertsinternational.com/compa | http://twitter.com/ | http://www.seonorthamerica.com/content/l
p0153	control	CONFIRM	representation.text.plain_text	identity.government.eu_vat	plain_text	0.75	plain_text	0.85	plain_text	0.85	street	3	0.82	054XX W MELROSE ST | 105XX S WABASH AVE | 014XX S PULASKI RD | 048XX W HUBBARD ST | 069XX S CLYDE AVE | 044XX S MOZART ST | 0000X W 108TH PL | 034XX S GILES AVE | 063XX N AVERS AVE | 103XX S DOTY AVE E | 023XX N MC VICKER AVE | 011XX S CLINTON ST | 016XX S STATE ST | 003XX S WABASH AVE | 105XX S STATE ST | 029XX W HARRISON ST | 073XX S CONSTANCE AVE | 006XX E 69TH ST | 055XX S MOBILE AVE | 074XX S CAMPBELL AVE
p0154	control	CONFIRM	datetime.timestamp.sql_standard	datetime.timestamp.sql_standard	sql_standard	0.95	sql_standard	0.97	sql_standard	0.98	sql_standard	3	0.97	2020-05-28 21:04:43 | 2020-05-29 13:49:16 | 2020-05-18 18:38:46 | 2020-05-28 21:51:06 | 2020-05-19 07:33:30 | 2020-05-19 06:49:51 | 2020-05-28 21:38:46
p0155	control	CONFIRM	datetime.date.mdy_slash	datetime.date.mdy_slash	mdy_slash	0.9	mdy_slash	0.95	mdy_slash	0.92	mdy_slash	3	0.92	08/15/2020 | 12/11/2021 | 06/23/2021 | 08/21/2020 | 04/01/2021 | 01/14/2021 | 09/21/2020 | 08/09/2020 | 09/24/2022 | 12/15/2021 | 07/07/2023 | 08/03/2022 | 08/09/2013 | 04/01/2017 | 02/18/2023 | 05/30/2021 | 01/06/2022 | 01/10/2022 | 11/17/2021 | 06/30/2021
p0156	control	CONFIRM	representation.numeric.integer_number	representation.numeric.integer_number	alphanumeric_id	0.78	integer_number	0.88	integer_number	0.88	alphanumeric_id	2	0.88	178840 | 178815 | 178597 | 178653 | 178972 | 221382 | 3316 | 178379 | 178495 | 179074
p0157	control	CONFIRM	representation.numeric.decimal_number	unknown	decimal_number	0.9	decimal_number	0.92	decimal_number	0.88	decimal_number	3	0.9	1.5 | 2.2 | 4.0 | 2.0 | 3.93 | 1.0 | 4.17 | 9.33 | 1.63 | 1.88
p0159	control	CONFIRM	representation.discrete.categorical	representation.discrete.categorical	categorical	0.85	categorical	0.92	categorical	0.92	categorical	3	0.9	b | c | f | a | d | h | e | g
p0160	control	CONFIRM	geography.coordinate.longitude	geography.coordinate.longitude	longitude	0.9	longitude	0.92	decimal_number	0.88	longitude	2	0.91	2.3601067 | 2.3600296 | 2.3597223 | 2.3596751 | 2.3522219 | 2.3607712 | 2.360831 | 2.3603218 | 2.3606769 | 2.3607063 | 2.3596262 | 2.3605721 | 2.3603219 | 2.3606865 | 2.3596979 | 2.3601 | 2.3597395
p0161	control	CONFIRM	representation.discrete.categorical	representation.text.entity_name	categorical	0.85	categorical	0.95	plain_text	0.88	categorical	2	0.9	Foul: Shooting | Violation: Lane | Turnover: 3 Second Violation | Foul: Loose Ball | Turnover: Traveling | Foul: Personal | Foul: Offensive
p0162	control	CONFIRM	representation.numeric.decimal_number	representation.numeric.decimal_number	decimal_number	0.85	decimal_number	0.75	decimal_number	0.85	decimal_number	3	0.82	-71.3711 | -31.7943 | -36.2124 | -77.8226 | -45.4617 | -5.8605 | -60.9905 | -74.06 | -71.2469 | -16.845 | -26.7955 | 2.6548 | -16.1265 | 5.9588 | 40.0656 | 104.4525 | -38.7152 | -38.2409 | -24.0709 | -28.9642
p0163	control	CONFIRM	representation.numeric.decimal_number	representation.numeric.decimal_number	decimal_number	0.85	decimal_number	0.8	decimal_number	0.85	decimal_number	3	0.83	5.2812 | 79.4682 | 156.8046 | 146.6999 | -11.6356 | 97.1958 | 94.4938 | 129.6024 | 171.456 | 47.311 | 147.7773 | 72.0671 | 67.7886 | 24.1723 | 89.2813 | 50.1287 | -16.3381 | 147.7769 | -7.4247 | 53.6767
p0165	control	CONFIRM	technology.internet.url	technology.internet.url	url	0.97	url	0.98	url	0.98	url	3	0.98	http://www.onlineinvestingai.com/blog/20 | http://sunlightlabs.com/blog/2010/clearm | http://blog.abi.sh/2010/the-clueless-you | http://www.countyhealthrankings.org/ | http://www.foreignpolicy.com/articles/20 | http://lalawag.com/2010/02/17/track-down | http://www.technologyreview.com/blog/arx | http://www.linux.com/news/embedded-mobil | http://howtogetfocused.com/chapters/the- | http://www.soilandhealth.org/03sov/0303c | http://www.google.com/moderator/ | http://technologizer.com/2010/02/17/twit | http://www.nytimes.com/2010/02/18/educat | http://sethgodin.typepad.com/seths_blog/ | http://www.kk.org/cooltools/archives/004 | http://www.forbes.com/2010/02/16/cloud-c | http://www.newsvend.com/tablets-and-erea | http://youngandbrilliant.net/tagged/ted | http://www.ethanzuckerman.com/blog/2010/ | http://www.itworld.com/open-source/96887
p0166	control	CONFIRM	geography.coordinate.longitude	geography.coordinate.longitude	longitude	0.92	longitude	0.95	decimal_number	0.88	longitude	2	0.94	-83.55 | -79.97 | -81.01 | -103.55 | -113.27 | -111.87 | -111.64 | -102.8 | -82.35 | -82.75 | -101.46 | -80.11 | -114.45 | -81.99 | -115.14 | -82.32 | -103.66 | -111.43 | -101.58 | -81.46
p0167	control	CONFIRM	representation.discrete.categorical	geography.location.city	categorical	0.85	categorical	0.93	plain_text	0.85	categorical	2	0.89	Wraps | Kahvaltılıklar | Kırmızı Etler | Homemade Burgerler | Yan Ürünler | Tatlılar | Gözlemeler | Makarnalar | Quesadillas | İçecekler | Poşet | Et Dönerler | Sandviçler | Beyaz Etler | Pizzalar (1 Kişilik) | Menüler | Tostlar | Tavuk Dönerler | Salatalar
p0168	control	CONFIRM	representation.numeric.decimal_number	unknown	decimal_number	0.9	decimal_number	0.88	decimal_number	0.9	decimal_number	3	0.89	2.6 | 4.6 | 3.57 | 4.07 | 2.5 | 5.6 | 3.61 | 3.17 | 3.25 | 2.81 | 3.46 | 3.42 | 2.76 | 3.76 | 2.95 | 3.22 | 2.61 | 2.67 | 2.92 | 2.82
p0169	control	CONFIRM	geography.location.country_code	geography.location.country_code	country_code	0.85	country_code	0.9	country_code	0.95	country_code	3	0.9	AW | ES | IO | BR | BA | JP | PK | PA | TT | BS | SB | WF | DO | ZA | ZW | BL | SX | SG | SY | GN
p0170	control	CONFIRM	representation.discrete.categorical	representation.text.entity_name	categorical	0.85	categorical	0.95	categorical	0.92	categorical	3	0.91	per Annum | per Day | per Hour
p0171	control	CONFIRM	geography.location.city	geography.location.city	city	0.93	city	0.9	plain_text	0.85	city	2	0.92	 Denton |  Hallettsville |  Wichita Falls |  Richmond |  Decatur |  Weatherford |  Longview |  Cedar Park |  Cypress |  Mesquite |  Plano |  Littlefield |  Sunnyvale |  Lake Jackson |  Tomball |  Hamilton |  Andrews |  Houston |  Lufkin |  Pearland
p0172	control	CONFIRM	datetime.epoch.unix_seconds	identity.medical.npi	unix_seconds	0.92	unix_seconds	0.97	unix_seconds	0.95	unix_seconds	3	0.95	1548353395 | 1571256940 | 1573142721 | 1573145291 | 1548366691 | 1573157276 | 1548355619 | 1548374607 | 1548374609 | 1548375953 | 1549074417 | 1549249094 | 1548366633 | 1548366658 | 1548369766 | 1549074382 | 1549077457 | 1549078378 | 1573076577 | 1573077046
p0173	datetime-rerun	CONFIRM	datetime.date.iso	datetime.date.iso	iso	0.95	iso	0.97	iso	0.95	iso	3	0.96	2013-03-15 | 2013-06-01 | 2013-04-20 | 2013-02-01
p0177	datetime-rerun	CONFIRM	datetime.date.iso	datetime.date.iso	iso	0.95	iso	0.97	iso	0.95	iso	3	0.96	2013-07-30 | 2013-08-02 | 2013-08-05 | 2013-08-06 | 2013-08-21 | 2013-08-12 | 2013-08-19 | 2013-08-26 | 2013-08-08 | 2013-08-23 | 2013-08-22 | 2013-08-07 | 2013-08-15 | 2013-08-27 | 2013-08-14 | 2013-08-16 | 2013-08-28 | 2013-07-31 | 2013-08-09 | 2013-08-20
p0178	datetime-rerun	CONFIRM	datetime.date.iso	datetime.date.iso	iso	0.95	iso	0.97	iso	0.95	iso	3	0.96	2014-05-02 | 2014-05-16 | 2014-05-23 | 2014-05-27 | 2014-05-29 | 2014-06-14 | 2014-06-18 | 2014-06-25 | 2014-06-28 | 2014-07-10 | 2014-07-12 | 2014-07-25 | 2014-07-27 | 2014-08-10 | 2014-08-12 | 2014-08-14 | 2014-08-23 | 2014-08-27 | 2014-08-29 | 2014-09-10
p0179	datetime-rerun	CONFIRM	datetime.date.iso	datetime.date.iso	iso	0.95	iso	0.97	iso	0.95	iso	3	0.96	2018-10-06 | 2017-11-01 | 2018-05-09 | 2018-05-08 | 2018-05-05 | 2018-10-16 | 2018-09-06 | 2018-09-12
p0180	datetime-rerun	CONFIRM	datetime.date.iso	datetime.date.iso	iso	0.95	iso	0.97	iso	0.95	iso	3	0.96	2014-06-25 | 2014-06-28 | 2014-07-10 | 2014-07-12 | 2014-07-25 | 2014-07-27 | 2014-08-10 | 2014-08-12 | 2014-08-14 | 2014-08-23 | 2014-08-27 | 2014-08-29 | 2014-09-10 | 2014-10-04 | 2014-10-06 | 2014-10-17 | 2014-10-18 | 2014-10-22 | 2014-10-23 | 2014-10-28
p0181	datetime-rerun	CONFIRM	datetime.date.iso	datetime.date.iso	iso	0.95	iso	0.97	iso	0.95	iso	3	0.96	2014-06-25 | 2014-06-28 | 2014-07-10 | 2014-07-12 | 2014-07-25 | 2014-07-27 | 2014-08-10 | 2014-08-12 | 2014-08-14 | 2014-08-23 | 2014-08-27 | 2014-08-29 | 2014-09-10 | 2014-10-04 | 2014-10-06 | 2014-10-17 | 2014-10-18 | 2014-10-22 | 2014-10-23 | 2014-10-28
p0182	datetime-rerun	CONFIRM	datetime.date.iso	datetime.date.iso	iso	0.95	iso	0.97	iso	0.95	iso	3	0.96	2009-04-27 | 2010-04-07 | 2009-04-28 | 2008-11-03 | 2010-04-05 | 2010-10-29 | 2009-10-20 | 2010-04-06 | 2009-04-26 | 2010-10-26 | 2008-11-06 | 2010-10-24 | 2010-04-04 | 2008-11-07
p0183	datetime-rerun	CONFIRM	datetime.date.iso	datetime.date.iso	iso	0.95	iso	0.97	iso	0.95	iso	3	0.96	2016-06-22 | 2016-06-23 | 2016-06-13 | 2016-06-20 | 2016-06-25 | 2016-06-28 | 2016-06-18 | 2016-06-24 | 2016-06-12 | 2016-06-21 | 2016-06-30 | 2016-06-29 | 2016-06-11 | 2016-06-14 | 2016-06-16 | 2016-06-17 | 2016-06-19 | 2016-06-27 | 2016-06-26 | 2016-06-10
p0184	datetime-rerun	CONFIRM	datetime.date.iso	datetime.date.iso	iso	0.95	iso	0.97	iso	0.95	iso	3	0.96	2016-05-26 | 2016-05-30 | 2016-06-07 | 2016-06-08 | 2016-06-13 | 2016-06-20 | 2016-06-25 | 2016-06-28 | 2016-05-14 | 2016-05-23 | 2016-05-28 | 2016-06-18 | 2016-06-24 | 2016-05-15 | 2016-05-22 | 2016-05-25 | 2016-06-01 | 2016-06-02 | 2016-06-29 | 2016-05-11
p0185	datetime-rerun	CONFIRM	datetime.date.iso	datetime.date.iso	iso	0.95	iso	0.97	iso	0.95	iso	3	0.96	2016-10-31 | 2017-12-14 | 2018-06-13 | 2019-09-06 | 2019-10-17 | 2017-09-27 | 2019-12-05 | 2018-03-06 | 2020-04-02 | 2018-02-16 | 2019-04-10 | 2019-05-14 | 2007-10-15 | 2019-06-06 | 2017-09-19 | 2018-08-03 | 2018-11-06 | 2017-06-02 | 2019-08-01
p0186	datetime-rerun	CONFIRM	datetime.date.iso	datetime.date.iso	iso	0.95	iso	0.97	iso	0.95	iso	3	0.96	2013-09-23 | 2019-11-08 | 2016-08-05 | 2015-09-03 | 2015-08-28 | 2014-12-11 | 2017-10-10 | 2013-05-06 | 2016-02-29 | 2015-09-14 | 2014-09-23 | 2013-08-08 | 2017-01-20 | 2014-10-02 | 2012-08-09 | 2016-12-01 | 2018-08-08 | 2013-09-17 | 2012-12-24 | 2015-10-01
p0187	datetime-rerun	CONFIRM	datetime.date.iso	datetime.date.iso	iso	0.95	iso	0.97	iso	0.95	iso	3	0.96	2002-06-18 | 2000-02-16 | 2011-07-28 | 2007-08-08 | 1974-03-28 | 2013-07-31 | 1987-09-23 | 1983-12-01 | 2005-06-24
p0188	datetime-rerun	CONFIRM	datetime.date.iso	datetime.date.iso	iso	0.95	iso	0.97	iso	0.95	iso	3	0.96	2011-12-28 | 2011-12-04 | 2011-11-20 | 2011-11-06 | 2011-12-11 | 2011-12-18 | 2011-11-13
p0189	datetime-rerun	CONFIRM	datetime.date.iso	datetime.date.iso	iso	0.93	iso	0.97	iso	0.95	iso	3	0.95	2015-11-27 | 2015-11-25 | 2015-11-26
p0190	datetime-rerun	CONFIRM	datetime.date.iso	datetime.date.iso	iso	0.9	iso	0.92	iso	0.95	iso	3	0.92	2017-02-03 | 2017-02-15 | 2017-02-17 | 2017-01-25 | 2017-01-27 | 2017-02-08 | 2017-02-09 | 2017-02-18 | 2017-01-24 | 2017-02-01 | 2017-02-06 | 2017-02-11 | 2017-02-14 | 2017-01-15 | 2017-01-17 | 2017-01-19 | 2017-01-22 | 2017-01-28 | 2017-02-16 | 2017-01-12
p0191	datetime-rerun	CONFIRM	datetime.date.iso	datetime.date.iso	iso	0.95	iso	0.95	iso	0.95	iso	3	0.95	1925-07-01 | 1928-07-01 | 1936-11-01 | 1926-04-15 | 1942-02-01 | 1897-06-30 | 1923-07-01 | 1919-07-01 | 1940-01-22 | 1930-01-01 | 1929-01-01 | 1933-11-26 | 1936-04-12 | 1934-11-01 | 1897-01-01 | 1937-08-20 | 1904-04-01 | 1940-04-22 | 1938-12-20 | 1932-01-01
p0192	datetime-rerun	CONFIRM	datetime.date.iso	datetime.date.iso	iso	0.9	iso	0.92	iso	0.95	iso	3	0.92	2020-09-09 | 2020-09-08 | 2020-09-15 | 2020-09-10 | 2020-09-14 | 2020-09-12 | 2020-09-13 | 2020-09-11
p0193	datetime-rerun	CONFIRM	datetime.date.iso	datetime.date.iso	iso	0.95	iso	0.97	iso	0.95	iso	3	0.96	2009-05-17 | 2009-06-07 | 2009-07-01 | 2009-05-31 | 2009-06-14 | 2009-05-24
p0194	datetime-rerun	CONFIRM	datetime.date.iso	datetime.date.iso	iso	0.9	iso	0.92	iso	0.95	iso	3	0.92	2000-01-02 | 2000-01-04 | 2000-01-01 | 2000-01-06 | 2000-01-03 | 2000-01-05
p0195	datetime-rerun	CONFIRM	datetime.date.iso	datetime.date.iso	iso	0.95	iso	0.97	iso	0.95	iso	3	0.96	2014-10-06 | 2014-09-28 | 2014-09-12 | 2014-10-20 | 2014-08-26 | 2014-08-17 | 2014-09-15 | 2014-10-02 | 2015-01-09 | 2014-09-23 | 2014-09-09 | 2015-01-12 | 2014-10-11 | 2014-08-31 | 2014-10-15 | 2014-09-24 | 2014-09-05
p0196	datetime-rerun	CONFIRM	datetime.date.iso	datetime.date.iso	iso	0.93	iso	0.97	iso	0.95	iso	3	0.95	2015-09-03 | 2016-12-22 | 2015-07-31 | 2016-07-01 | 2016-07-28
p0197	datetime-rerun	CONFIRM	datetime.date.iso	datetime.date.iso	iso	0.95	iso	0.97	iso	0.95	iso	3	0.96	2015-05-01 | 2017-04-18 | 2016-04-30 | 2017-11-11 | 2012-10-27 | 2014-05-11 | 2013-04-25 | 2016-11-11 | 2013-04-27 | 2016-05-01 | 2018-05-09 | 2015-04-28 | 2017-04-17 | 2015-11-12 | 2012-10-26 | 2018-11-11 | 2017-04-20 | 2018-05-08 | 2014-05-09 | 2016-11-08
p0198	datetime-rerun	CONFIRM	datetime.date.iso	datetime.date.iso	iso	0.93	iso	0.97	iso	0.95	iso	3	0.95	2012-06-06 | 2012-05-27 | 2012-06-03 | 2012-05-13
p0199	datetime-rerun	CONFIRM	datetime.date.iso	datetime.date.iso	iso	0.93	iso	0.97	iso	0.95	iso	3	0.95	2010-02-28 | 2010-02-14 | 2010-03-01 | 2010-01-17
p0200	datetime-rerun	CONFIRM	datetime.date.iso	datetime.date.iso	iso	0.93	iso	0.97	iso	0.95	iso	3	0.95	2019-05-30 | 2019-06-18 | 2019-06-24 | 2019-06-10 | 2019-07-03 | 2019-05-20
p0201	datetime-rerun	CONFIRM	datetime.date.iso	datetime.date.iso	iso	0.93	iso	0.97	iso	0.95	iso	3	0.95	2020-01-05 | 2020-05-11 | 2020-05-12 | 2019-12-12 | 2020-05-06
p0202	datetime-rerun	CONFIRM	datetime.date.iso	datetime.date.iso	iso	0.92	iso	0.97	iso	0.95	iso	3	0.95	2019-02-26 | 2018-12-07 | 2019-03-17
p0203	datetime-rerun	CONFIRM	datetime.date.iso	datetime.date.iso	iso	0.95	iso	0.97	iso	0.95	iso	3	0.96	2016-04-09 | 2016-11-09 | 2017-11-19 | 2018-04-08 | 2018-04-06 | 2017-03-11 | 2017-03-12 | 2018-11-14 | 2017-11-14 | 2016-11-08 | 2015-11-10 | 2017-03-21 | 2018-11-12 | 2015-11-13 | 2016-11-10 | 2016-04-10 | 2017-03-10 | 2017-11-12 | 2015-11-07 | 2018-11-13
p0204	datetime-rerun	CONFIRM	datetime.date.iso	datetime.date.iso	iso	0.95	iso	0.97	iso	0.95	iso	3	0.96	2016-09-02 | 2016-11-09 | 2017-08-03 | 2015-07-23 | 2015-11-18 | 2016-11-11 | 2007-07-25 | 2006-06-21 | 2016-05-13 | 2016-12-23 | 2016-12-16 | 2017-05-19 | 2017-03-01 | 2014-08-22 | 2017-01-20 | 2017-03-02 | 2017-02-02 | 2017-03-08 | 2017-07-31 | 2017-09-15
p0205	datetime-rerun	CONFIRM	datetime.date.iso	datetime.date.iso	iso	0.95	iso	0.97	iso	0.95	iso	3	0.96	2014-08-14 | 2014-05-27 | 2014-05-29 | 2014-08-18 | 2014-01-28 | 2014-01-05 | 2013-11-02 | 2014-04-17 | 2014-01-11 | 2015-01-09 | 2013-09-30 | 2014-01-14 | 2013-12-20 | 2014-04-13 | 2015-01-12 | 2014-03-24 | 2014-04-25 | 2014-03-14 | 2013-12-18 | 2014-02-07
p0206	datetime-rerun	CONFIRM	datetime.date.iso	datetime.date.iso	iso	0.95	iso	0.97	iso	0.95	iso	3	0.96	2018-05-04 | 2018-05-07 | 2018-05-09 | 2018-05-02 | 2018-05-10 | 2018-05-20 | 2018-05-06 | 2018-05-13 | 2018-05-15 | 2018-05-16 | 2018-05-18 | 2018-05-19 | 2018-05-14 | 2018-05-05 | 2018-05-08 | 2018-05-17 | 2018-05-11 | 2018-05-12
p0207	datetime-rerun	CONFIRM	datetime.date.iso	datetime.date.iso	iso	0.95	iso	0.97	iso	0.95	iso	3	0.96	2021-02-08 | 2020-10-26 | 2020-02-17 | 2020-04-15 | 2017-11-11 | 2021-01-29 | 2020-07-14 | 2020-08-14 | 2021-02-18 | 2021-01-18 | 2020-09-03 | 2021-02-03 | 2021-01-23 | 2020-05-17 | 2020-12-05 | 2021-02-15 | 2020-12-06 | 2020-01-03 | 2020-11-21 | 2018-10-08
p0208	datetime-rerun	CONFIRM	datetime.date.iso	datetime.date.iso	iso	0.9	iso	0.92	iso	0.95	iso	3	0.92	2000-01-01 | 2000-01-02 | 2000-01-04 | 2000-01-03 | 2000-01-05 | 2000-01-06
p0209	datetime-rerun	CONFIRM	datetime.date.iso	datetime.date.iso	iso	0.95	iso	0.97	iso	0.95	iso	3	0.96	2013-08-02 | 2013-08-05 | 2013-08-06 | 2013-08-21 | 2013-08-12 | 2013-08-19 | 2013-08-26 | 2013-08-29 | 2013-08-08 | 2013-08-23 | 2013-09-11 | 2013-08-09 | 2013-08-20 | 2013-08-14 | 2013-08-16 | 2013-08-28 | 2013-08-07 | 2013-08-15 | 2013-08-22 | 2013-08-27
p0210	datetime-rerun	CONFIRM	datetime.date.iso	datetime.date.iso	iso	0.9	iso	0.92	iso	0.95	iso	3	0.92	2017-02-03 | 2017-02-15 | 2017-01-25 | 2017-01-27 | 2017-02-08 | 2017-02-09 | 2017-01-08 | 2017-01-24 | 2017-02-01 | 2017-02-06 | 2017-02-11 | 2017-02-14 | 2017-01-07 | 2017-01-15 | 2017-01-17 | 2017-01-19 | 2017-01-22 | 2017-01-28 | 2017-02-16 | 2017-01-09
p0211	datetime-rerun	CONFIRM	datetime.date.iso	datetime.date.iso	iso	0.9	iso	0.97	iso	0.95	iso	3	0.94	2020-01-18 | 2020-01-22 | 2020-02-17 | 2020-03-01 | 2020-03-07 | 2020-03-26 | 2020-04-10 | 2020-04-15 | 2020-04-19 | 2020-05-01 | 2020-05-07 | 2020-05-10 | 2020-05-21 | 2020-05-23 | 2020-05-26 | 2020-05-27 | 2020-06-01 | 2020-06-08 | 2020-06-11 | 2020-06-20
p0212	datetime-rerun	CONFIRM	datetime.date.iso	datetime.date.iso	iso	0.88	iso	0.92	iso	0.95	iso	3	0.92	2011-01-06 | 2013-01-07 | 2013-01-14 | 2013-01-24 | 2012-01-06 | 2010-01-06
p0213	datetime-rerun	CONFIRM	datetime.date.iso	datetime.date.iso	iso	0.95	iso	0.97	iso	0.95	iso	3	0.96	2002-06-18 | 2000-02-16 | 1970-12-16 | 1997-02-20 | 1974-03-28 | 1976-05-07 | 1987-09-23 | 2007-05-04 | 2018-12-23 | 2005-06-24
