container.array.comma_separated	1200
container.array.pipe_separated	1200
container.array.semicolon_separated	1200
container.array.whitespace_separated	1200
container.key_value.query_string	1200
container.object.csv	1200
container.object.html	1200
container.object.json	1200
container.object.json_array	1200
container.object.xml	1200
container.object.yaml	1200
datetime.component.day_of_week	1200
datetime.component.month_name	1200
datetime.component.periodicity	1200
datetime.component.year	1200
datetime.date.abbrev_month_no_comma	1200
datetime.date.abbreviated_month	1200
datetime.date.chinese_ymd	1200
datetime.date.compact_dmy	1200
datetime.date.compact_mdy	1200
datetime.date.compact_ym	1200
datetime.date.compact_ymd	1200
datetime.date.dmy_dash	1200
datetime.date.dmy_dash_abbrev	1200
datetime.date.dmy_dash_abbrev_short	1200
datetime.date.dmy_dot	1200
datetime.date.dmy_short_dot	1200
datetime.date.dmy_short_slash	1200
datetime.date.dmy_slash	1200
datetime.date.dmy_space_abbrev	1200
datetime.date.dmy_space_full	1200
datetime.date.full_month_no_comma	1200
datetime.date.iso	1200
datetime.date.iso_week	1200
datetime.date.jp_era_long	1200
datetime.date.jp_era_short	1200
datetime.date.julian	1200
datetime.date.korean_ymd	1200
datetime.date.long_full_month	1200
datetime.date.mdy_dash	1200
datetime.date.mdy_short_slash	1200
datetime.date.mdy_slash	1200
datetime.date.month_year_abbrev	1200
datetime.date.month_year_full	1200
datetime.date.month_year_slash	1200
datetime.date.ordinal	1200
datetime.date.short_dmy	1200
datetime.date.short_mdy	1200
datetime.date.short_ymd	1200
datetime.date.weekday_abbreviated_month	1200
datetime.date.weekday_dmy_full	1200
datetime.date.weekday_full_month	1200
datetime.date.year_month	1200
datetime.date.ymd_dot	1200
datetime.date.ymd_slash	1200
datetime.duration.iso_8601	1200
datetime.epoch.unix_microseconds	1200
datetime.epoch.unix_milliseconds	1200
datetime.epoch.unix_seconds	1200
datetime.offset.iana	1200
datetime.offset.utc	1200
datetime.period.fiscal_year	1200
datetime.period.quarter	1200
datetime.time.hm_12h	1200
datetime.time.hm_24h	1200
datetime.time.hms_12h	1200
datetime.time.hms_24h	1200
datetime.time.iso	1200
datetime.timestamp.clf	1200
datetime.timestamp.ctime	1200
datetime.timestamp.dmy_hm	1200
datetime.timestamp.dot_dmy_24h	1200
datetime.timestamp.dot_ymd_24h	1200
datetime.timestamp.epoch_nanoseconds	1200
datetime.timestamp.iso_8601	1200
datetime.timestamp.iso_8601_compact	1200
datetime.timestamp.iso_8601_micros_offset	1200
datetime.timestamp.iso_8601_microseconds	1200
datetime.timestamp.iso_8601_millis_offset	1200
datetime.timestamp.iso_8601_milliseconds	1200
datetime.timestamp.iso_8601_offset	1200
datetime.timestamp.iso_microseconds	1200
datetime.timestamp.iso_milliseconds	1200
datetime.timestamp.iso_seconds	1200
datetime.timestamp.iso_space_zulu	1200
datetime.timestamp.mdy_12h	1200
datetime.timestamp.mdy_24h	1200
datetime.timestamp.pg_short_offset	1200
datetime.timestamp.rfc_2822	1200
datetime.timestamp.rfc_2822_ordinal	1200
datetime.timestamp.rfc_3339	1200
datetime.timestamp.slash_ymd_24h	1200
datetime.timestamp.sql_microseconds	1200
datetime.timestamp.sql_microseconds_offset	1200
datetime.timestamp.sql_milliseconds	1200
datetime.timestamp.sql_standard	1200
datetime.timestamp.syslog_bsd	1200
finance.banking.aba_routing	1200
finance.banking.bsb	1200
finance.banking.iban	1200
finance.banking.swift_bic	1200
finance.crypto.bitcoin_address	1200
finance.crypto.ethereum_address	1200
finance.currency.amount	1200
finance.currency.amount_accounting	1200
finance.currency.amount_apostrophe	1200
finance.currency.amount_code_prefix	1200
finance.currency.amount_comma	1200
finance.currency.amount_comma_suffix	1200
finance.currency.amount_crypto	1200
finance.currency.amount_lakh	1200
finance.currency.amount_multisym	1200
finance.currency.amount_neg_trailing	1200
finance.currency.amount_nodecimal	1200
finance.currency.amount_space	1200
finance.currency.currency_code	1200
finance.currency.currency_symbol	1200
finance.payment.credit_card_number	1200
finance.rate.basis_points	1200
finance.rate.yield	1200
finance.securities.cusip	1200
finance.securities.figi	1200
finance.securities.isin	1200
finance.securities.lei	1200
finance.securities.sedol	1200
geography.address.full_address	1200
geography.address.postal_code	1200
geography.address.street_name	1200
geography.address.street_suffix	1200
geography.contact.calling_code	1200
geography.coordinate.coordinates	1200
geography.coordinate.dms	1200
geography.coordinate.geohash	1200
geography.coordinate.latitude	1200
geography.coordinate.longitude	1200
geography.coordinate.mgrs	1200
geography.coordinate.plus_code	1200
geography.format.wkt	1200
geography.index.h3	1200
geography.location.city	1200
geography.location.continent	1200
geography.location.country	1200
geography.location.country_code	1200
geography.location.region	1200
geography.location.state_code	1200
geography.transportation.hs_code	1200
geography.transportation.iata_code	1200
geography.transportation.icao_code	1200
geography.transportation.iso6346	1200
geography.transportation.unlocode	1200
identity.academic.orcid	1200
identity.commerce.ean	1200
identity.commerce.isbn	1200
identity.commerce.isrc	1200
identity.commerce.issn	1200
identity.commerce.upc	1200
identity.government.abn	1200
identity.government.ein	1200
identity.government.eu_vat	1200
identity.government.pan_india	1200
identity.government.ssn	1200
identity.government.vin	1200
identity.medical.cpt	1200
identity.medical.dea_number	1200
identity.medical.hcpcs	1200
identity.medical.icd10	1200
identity.medical.loinc	1200
identity.medical.ndc	1200
identity.medical.npi	1200
identity.person.blood_type	1200
identity.person.email	1200
identity.person.email_display	1200
identity.person.first_name	1200
identity.person.full_name	1200
identity.person.gender	1200
identity.person.gender_code	1200
identity.person.height	1200
identity.person.last_name	1200
identity.person.password	1200
identity.person.phone_e164	1200
identity.person.phone_number	1200
identity.person.username	1200
identity.person.weight	1200
representation.boolean.binary	1200
representation.boolean.initials	1200
representation.boolean.terms	1200
representation.discrete.ordinal	1200
representation.file.excel_format	1200
representation.file.extension	1200
representation.file.file_size	1200
representation.file.mime_type	1200
representation.format.color_hex	1200
representation.format.color_hsl	1200
representation.format.color_rgb	1200
representation.identifier.alphanumeric_id	1200
representation.identifier.increment	1200
representation.identifier.numeric_code	1200
representation.identifier.uuid	1200
representation.numeric.decimal_number	1200
representation.numeric.decimal_number_comma	1200
representation.numeric.integer_number	1200
representation.numeric.percentage	1200
representation.numeric.scientific_notation	1200
representation.numeric.si_number	1200
representation.scientific.cas_number	1200
representation.scientific.dna_sequence	1200
representation.scientific.measurement_unit	1200
representation.scientific.protein_sequence	1200
representation.scientific.rna_sequence	1200
representation.scientific.smiles	784
representation.text.emoji	1200
representation.text.entity_name	1200
representation.text.plain_text	1200
representation.text.word	1200
technology.cloud.aws_arn	751
technology.cloud.s3_uri	1200
technology.code.doi	1200
technology.code.imei	1200
technology.code.locale_code	1200
technology.code.qualified_name	1200
technology.cryptographic.hash	1200
technology.cryptographic.jwt	1200
technology.cryptographic.token_urlsafe	1200
technology.development.calver	1200
technology.development.docker_ref	1200
technology.development.version	1200
technology.filesystem.windows_path	1200
technology.identifier.snowflake_id	1200
technology.identifier.tsid	1200
technology.identifier.ulid	1200
technology.internet.cidr	1200
technology.internet.data_uri	1200
technology.internet.hostname	1200
technology.internet.http_method	1200
technology.internet.ip_v4	1200
technology.internet.ip_v4_with_port	1200
technology.internet.ip_v6	1200
technology.internet.mac_address	1200
technology.internet.message_id	1200
technology.internet.top_level_domain	1200
technology.internet.url	1200
technology.internet.urn	1200
technology.internet.user_agent	1200
