ydf_label,distinct_values,value_rows,distinct_columns
representation.numeric.integer_number,231315,963975,149654
representation.identifier.uuid,95860,138624,28444
geography.address.postal_code,86687,336585,81594
datetime.timestamp.sql_standard,67466,158227,22526
identity.commerce.upc,61348,68173,9475
representation.numeric.decimal_number,29280,149244,30484
datetime.date.compact_ym,19987,77135,27623
container.array.whitespace_separated,13445,34457,14674
representation.numeric.si_number,9849,50792,14455
geography.coordinate.longitude,9825,18379,6051
identity.person.username,9516,130596,70271
finance.banking.aba_routing,8634,26463,7501
datetime.timestamp.iso_8601,8600,32924,4490
geography.address.full_address,7754,29608,6660
technology.internet.url,7596,27761,20589
identity.commerce.ean,6638,36469,12559
technology.cryptographic.hash,6586,47243,6106
identity.commerce.isbn,5877,22623,5451
datetime.timestamp.iso_8601_milliseconds,5757,47121,6168
identity.person.full_name,5455,28549,13713
datetime.date.iso,5241,124542,17132
identity.medical.loinc,5031,6246,3511
datetime.timestamp.mdy_24h,4991,6072,776
identity.person.email,4954,30091,5662
finance.securities.cusip,4666,12437,5876
geography.coordinate.geohash,4548,33607,16302
representation.numeric.percentage,4528,48212,10438
technology.code.doi,4357,13201,2266
technology.identifier.tsid,4329,35695,4932
technology.cryptographic.token_urlsafe,3765,4708,1342
representation.text.entity_name,3633,18129,12211
finance.currency.amount_nodecimal,3072,3678,821
geography.transportation.icao_code,2951,35487,13449
finance.rate.yield,2792,12202,2727
representation.numeric.decimal_number_comma,2659,10438,2442
geography.coordinate.latitude,2488,4081,2040
datetime.time.hm_24h,2463,96641,18234
geography.transportation.unlocode,2462,28255,13507
identity.person.phone_number,2196,8183,2132
geography.address.street_name,2103,21443,15016
datetime.timestamp.iso_8601_offset,1707,2895,406
finance.banking.swift_bic,1463,15617,9610
datetime.date.abbreviated_month,1328,20008,4917
datetime.date.long_full_month,1226,8568,1148
technology.internet.hostname,1211,36481,6078
datetime.time.hms_24h,1202,3073,516
geography.format.wkt,1082,3224,533
identity.commerce.issn,805,5347,1222
datetime.timestamp.sql_microseconds,764,2292,316
representation.identifier.alphanumeric_id,737,6360,994
datetime.date.dmy_space_abbrev,615,1073,808
datetime.date.ymd_slash,590,6949,1036
identity.commerce.isrc,581,881,144
datetime.timestamp.sql_milliseconds,577,1078,208
finance.currency.amount_accounting,552,1154,759
representation.file.extension,543,36030,13863
identity.medical.hcpcs,485,1541,536
technology.internet.ip_v4,484,2323,477
representation.file.mime_type,469,5033,1624
technology.development.version,385,10986,1557
representation.numeric.scientific_notation,304,1019,437
datetime.date.month_year_full,287,10109,1509
finance.crypto.ethereum_address,265,676,94
identity.medical.icd10,262,3616,708
container.array.semicolon_separated,249,781,494
geography.transportation.hs_code,244,648,290
representation.scientific.dna_sequence,236,873,207
datetime.date.dmy_dash_abbrev_short,226,788,125
finance.securities.sedol,224,1408,361
datetime.date.year_month,221,2375,376
geography.location.state_code,204,33531,10310
datetime.timestamp.rfc_3339,202,423,62
datetime.timestamp.dmy_hm,198,607,125
datetime.timestamp.slash_ymd_24h,186,1685,221
technology.development.calver,180,525,300
identity.government.eu_vat,174,491,129
representation.scientific.protein_sequence,162,506,197
datetime.time.hm_12h,148,4297,3194
datetime.date.dmy_dot,148,782,122
datetime.timestamp.iso_8601_millis_offset,135,272,57
datetime.timestamp.iso_microseconds,124,501,82
datetime.date.dmy_slash,123,470,194
datetime.timestamp.iso_8601_microseconds,120,167,25
datetime.date.julian,114,290,64
datetime.timestamp.sql_microseconds_offset,112,175,38
representation.format.color_hex,111,242,157
datetime.date.dmy_short_dot,106,202,30
technology.internet.top_level_domain,105,383,199
datetime.date.dmy_space_full,78,179,29
container.array.comma_separated,76,733,648
finance.banking.iban,74,471,65
identity.government.vin,68,175,50
datetime.timestamp.rfc_2822,66,118,15
finance.securities.isin,61,137,55
datetime.duration.iso_8601,59,175,75
identity.medical.cpt,57,86,67
datetime.timestamp.pg_short_offset,56,153,42
datetime.date.month_year_abbrev,52,358,161
datetime.time.hms_12h,52,2944,368
container.array.pipe_separated,50,207,132
datetime.date.full_month_no_comma,49,98,22
identity.government.ein,49,82,19
representation.file.file_size,43,91,22
datetime.timestamp.mdy_12h,42,59,15
identity.medical.dea_number,42,65,12
technology.code.locale_code,41,12693,2453
datetime.timestamp.ctime,40,199,34
technology.internet.cidr,40,56,18
representation.scientific.cas_number,38,48,12
datetime.date.dmy_dash_abbrev,36,267,38
identity.government.ssn,35,44,8
finance.currency.currency_code,32,588,319
datetime.date.month_year_slash,30,190,40
datetime.date.abbrev_month_no_comma,26,72,15
datetime.date.dmy_dash,23,44,23
datetime.timestamp.dot_ymd_24h,21,24,3
datetime.date.weekday_full_month,20,106,18
datetime.timestamp.dot_dmy_24h,19,33,6
datetime.date.ordinal,19,68,30
identity.person.blood_type,18,1534,762
datetime.timestamp.iso_8601_micros_offset,18,35,6
datetime.date.iso_week,16,16,2
geography.coordinate.mgrs,16,32,4
datetime.timestamp.iso_space_zulu,16,16,2
representation.scientific.measurement_unit,14,24732,5037
datetime.period.quarter,13,17,4
geography.address.street_suffix,13,1043,844
technology.internet.ip_v4_with_port,12,32,5
container.object.html,11,39,39
identity.person.height,10,11,2
representation.scientific.rna_sequence,10,10,2
datetime.date.dmy_short_slash,10,23,12
identity.academic.orcid,10,27,6
representation.boolean.terms,10,46653,10409
identity.person.weight,9,15,6
datetime.time.iso,8,40,5
geography.contact.calling_code,8,122,116
representation.format.color_rgb,8,10,8
datetime.component.periodicity,8,211,146
technology.internet.urn,8,8,3
finance.currency.amount_lakh,8,16,2
technology.internet.mac_address,8,12,7
representation.file.excel_format,7,19,9
identity.government.abn,7,28,7
identity.person.phone_e164,7,545,210
container.object.yaml,7,41,29
container.object.json,6,11,5
finance.currency.amount_code_prefix,6,8,7
finance.currency.amount,6,6,6
datetime.timestamp.syslog_bsd,6,8,1
identity.government.pan_india,6,8,4
datetime.period.fiscal_year,6,6,2
technology.development.docker_ref,6,8,5
identity.person.email_display,5,45,9
datetime.date.mdy_short_slash,4,16,6
representation.boolean.initials,4,6318,2807
geography.index.h3,4,18,17
geography.coordinate.coordinates,3,4,3
finance.securities.lei,3,3,1
container.key_value.query_string,3,8,6
container.object.json_array,3,3,1
technology.internet.user_agent,3,5,4
finance.crypto.bitcoin_address,3,4,2
identity.medical.ndc,3,3,3
identity.person.gender,3,3189,1038
container.object.csv,2,2,1
identity.person.gender_code,2,14408,3883
representation.text.emoji,2,96,84
finance.currency.currency_symbol,1,231,185
finance.rate.basis_points,1,9,9
finance.currency.amount_crypto,1,5,1
finance.banking.bsb,1,1,1
