dataset	column_name	gt_label	finetype_label	raw_pred	raw_conf	raw_rule	sharp_pred	sharp_conf	sharp_rule	raw_match	sharp_match	sharpen_changed	sharpen_effect
airports	city	city	geography.location.city	geography.location.city	0.8946	multi-branch-sibling	geography.location.city	0.9946	multi-branch-sibling	1	1	0	UNCHANGED
airports	country	country	geography.location.country	geography.location.country	1.0	multi-branch-sibling	geography.location.country	1.0	multi-branch-sibling	1	1	0	UNCHANGED
airports	iata	iata	geography.transportation.iata_code	geography.transportation.iata_code	1.0	multi-branch-sibling	geography.transportation.iata_code	1.0	multi-branch-sibling	1	1	0	UNCHANGED
airports	latitude	latitude	geography.coordinate.latitude	geography.coordinate.latitude	0.9996	multi-branch-sibling	geography.coordinate.latitude	1.0	coordinate_disambiguation	1	1	0	UNCHANGED
airports	name	airport name	representation.text.entity_name	geography.address.full_address	0.9938	multi-branch-sibling	geography.address.full_address	0.9938	multi-branch-sibling	1	1	0	UNCHANGED
airports	source	category	representation.discrete.categorical	representation.text.entity_name	0.9351	multi-branch-sibling	representation.text.entity_name	0.9351	multi-branch-sibling	0	0	0	UNCHANGED
airports	type	category	representation.discrete.categorical	representation.text.word	0.93	multi-branch-sibling	representation.text.word	0.93	multi-branch-sibling	0	0	0	UNCHANGED
api_users_json	address.city	city	geography.location.city	geography.location.city	0.9994	multi-branch-sibling	geography.location.city	1.0	multi-branch-sibling	1	1	0	UNCHANGED
api_users_json	address.country	country code	geography.location.country_code	geography.location.country_code	1.0	multi-branch-sibling	geography.location.country_code	1.0	country_code_post_hint_guard:alpha2_rate=1.00	1	1	0	UNCHANGED
api_users_json	email	email	identity.person.email	identity.person.email	0.9975	multi-branch-sibling	identity.person.email	1.0	multi-branch-sibling	1	1	0	UNCHANGED
api_users_json	name	name	identity.person.full_name	identity.person.full_name	0.9816	multi-branch-sibling	identity.person.full_name	0.9816	multi-branch-sibling	1	1	0	UNCHANGED
api_users_json	phone	telephone	identity.person.phone_number	identity.person.phone_number	1.0	multi-branch-sibling	identity.person.phone_number	1.0	multi-branch-sibling	1	1	0	UNCHANGED
api_users_json	profile_url	url	technology.internet.url	technology.internet.url	0.9999	multi-branch-sibling	technology.internet.url	1.0	multi-branch-sibling	1	1	0	UNCHANGED
books_catalog	author	author	identity.person.full_name	identity.person.full_name	0.9955	multi-branch-sibling	identity.person.full_name	1.0	multi-branch-sibling	1	1	0	UNCHANGED
books_catalog	description	description	representation.text.plain_text	representation.text.plain_text	0.9915	multi-branch-sibling	representation.text.plain_text	0.9915	multi-branch-sibling	1	1	0	UNCHANGED
books_catalog	isbn	isbn	identity.commerce.isbn	identity.commerce.isbn	1.0	multi-branch-sibling	identity.commerce.isbn	1.0	multi-branch-sibling	1	1	0	UNCHANGED
books_catalog	publisher	entity name	representation.text.entity_name	representation.text.entity_name	0.68	multi-branch-sibling	representation.text.entity_name	0.78	multi-branch-sibling	1	1	0	UNCHANGED
books_catalog	title	title	representation.text.entity_name	container.array.whitespace_separated	0.7135	multi-branch-sibling	container.array.whitespace_separated	0.7135	multi-branch-sibling	0	0	0	UNCHANGED
books_catalog	year_published	year	datetime.component.year	datetime.component.year	1.0	multi-branch-sibling	datetime.component.year	1.0	numeric_year_detection	1	1	0	UNCHANGED
codes_and_ids	credit_card	credit card number	finance.payment.credit_card_number	finance.payment.credit_card_number	1.0	multi-branch-sibling	finance.payment.credit_card_number	1.0	multi-branch-sibling	1	1	0	UNCHANGED
codes_and_ids	ean	ean	identity.commerce.ean	identity.commerce.ean	0.9998	multi-branch-sibling	identity.commerce.ean	1.0	multi-branch-sibling	1	1	0	UNCHANGED
codes_and_ids	hex_color	color	representation.format.color_hex	representation.format.color_hex	0.9999	multi-branch-sibling	representation.format.color_hex	0.9999	multi-branch-sibling	1	1	0	UNCHANGED
codes_and_ids	iban	iban	finance.banking.iban	finance.crypto.ethereum_address	0.9167	multi-branch-sibling	finance.crypto.ethereum_address	0.9167	multi-branch-sibling	0	0	0	UNCHANGED
codes_and_ids	isbn	isbn	identity.commerce.isbn	identity.commerce.isbn	1.0	multi-branch-sibling	identity.commerce.isbn	1.0	multi-branch-sibling	1	1	0	UNCHANGED
codes_and_ids	issn	issn	identity.commerce.issn	identity.commerce.issn	1.0	multi-branch-sibling	identity.commerce.issn	1.0	multi-branch-sibling	1	1	0	UNCHANGED
codes_and_ids	locale	locale code	technology.code.locale_code	technology.code.locale_code	0.9953	multi-branch-sibling	technology.code.locale_code	0.9953	multi-branch-sibling	1	1	0	UNCHANGED
codes_and_ids	mime_type	file format	representation.file.mime_type	representation.file.mime_type	1.0	multi-branch-sibling	representation.file.mime_type	1.0	multi-branch-sibling	1	1	0	UNCHANGED
codes_and_ids	sha256	hash	technology.cryptographic.hash	technology.cryptographic.hash	0.9363	multi-branch-sibling	technology.cryptographic.hash	0.9363	multi-branch-sibling	1	1	0	UNCHANGED
codes_and_ids	swift_code	swift code	finance.banking.swift_bic	finance.securities.sedol	0.9601	multi-branch-sibling	finance.securities.sedol	0.9601	multi-branch-sibling	0	0	0	UNCHANGED
codes_and_ids	uuid	uuid	representation.identifier.uuid	representation.identifier.uuid	1.0	multi-branch-sibling	representation.identifier.uuid	1.0	multi-branch-sibling	1	1	0	UNCHANGED
countries	iso_3166-2	code	representation.identifier.alphanumeric_id	identity.medical.dea_number	0.6541	multi-branch-sibling	identity.medical.dea_number	0.6541	multi-branch-sibling	0	0	0	UNCHANGED
countries	name	country	geography.location.country	geography.location.country	0.9836	multi-branch-sibling	geography.location.country	0.9836	multi-branch-sibling	1	1	0	UNCHANGED
countries	region	region	geography.location.region	geography.location.continent	1.0	multi-branch-sibling	geography.location.continent	1.0	multi-branch-sibling	1	1	0	UNCHANGED
countries	region-code	code	representation.identifier.alphanumeric_id	representation.identifier.numeric_code	0.4623	multi-branch-sibling	representation.identifier.numeric_code	0.4623	multi-branch-sibling	1	1	0	UNCHANGED
countries	sub-region	region	geography.location.region	geography.location.continent	0.6992	multi-branch-sibling	geography.location.continent	0.6992	multi-branch-sibling	1	1	0	UNCHANGED
countries	sub-region-code	code	representation.identifier.alphanumeric_id	representation.identifier.numeric_code	0.99	multi-branch-sibling	representation.identifier.numeric_code	0.99	multi-branch-sibling	1	1	0	UNCHANGED
coverage_closure_phase_ab	abbrev_month_no_comma	datetime.date.abbrev_month_no_comma	datetime.date.abbrev_month_no_comma	datetime.date.abbrev_month_no_comma	1.0	multi-branch-sibling	datetime.date.abbrev_month_no_comma	1.0	multi-branch-sibling	1	1	0	UNCHANGED
coverage_closure_phase_ab	amount	finance.currency.amount	finance.currency.amount	finance.currency.amount	0.6253	multi-branch-sibling	finance.currency.amount	0.7253	multi-branch-sibling	1	1	0	UNCHANGED
coverage_closure_phase_ab	amount_code_prefix	finance.currency.amount_code_prefix	finance.currency.amount_code_prefix	finance.currency.amount_code_prefix	0.9466	multi-branch-sibling	finance.currency.amount_code_prefix	1.0	multi-branch-sibling	1	1	0	UNCHANGED
coverage_closure_phase_ab	amount_comma	finance.currency.amount_comma	finance.currency.amount_comma	finance.currency.amount_comma	0.734	multi-branch-sibling	finance.currency.amount_comma	0.834	multi-branch-sibling	1	1	0	UNCHANGED
coverage_closure_phase_ab	basis_points	finance.rate.basis_points	finance.rate.basis_points	finance.rate.basis_points	0.9909	multi-branch-sibling	finance.rate.basis_points	0.9909	multi-branch-sibling	1	1	0	UNCHANGED
coverage_closure_phase_ab	blood_type	identity.person.blood_type	identity.person.blood_type	identity.person.blood_type	0.9997	multi-branch-sibling	identity.person.blood_type	0.9997	multi-branch-sibling	1	1	0	UNCHANGED
coverage_closure_phase_ab	calling_code	geography.contact.calling_code	geography.contact.calling_code	representation.text.plain_text	0.9351	multi-branch-sibling	representation.text.plain_text	0.9351	multi-branch-sibling	0	0	0	UNCHANGED
coverage_closure_phase_ab	chinese_ymd	datetime.date.chinese_ymd	datetime.date.chinese_ymd	datetime.date.chinese_ymd	0.993	multi-branch-sibling	datetime.date.chinese_ymd	0.993	multi-branch-sibling	1	1	0	UNCHANGED
coverage_closure_phase_ab	color_rgb	representation.format.color_rgb	representation.format.color_rgb	representation.format.color_rgb	0.9981	multi-branch-sibling	representation.format.color_rgb	0.9981	multi-branch-sibling	1	1	0	UNCHANGED
coverage_closure_phase_ab	comma_separated	container.array.comma_separated	container.array.comma_separated	representation.text.entity_name	0.3915	multi-branch-sibling	representation.text.entity_name	0.3915	multi-branch-sibling	0	0	0	UNCHANGED
coverage_closure_phase_ab	compact_mdy	datetime.date.compact_mdy	datetime.date.compact_mdy	datetime.date.compact_mdy	1.0	multi-branch-sibling	datetime.date.compact_mdy	1.0	multi-branch-sibling	1	1	0	UNCHANGED
coverage_closure_phase_ab	compact_ym	datetime.date.compact_ym	datetime.date.compact_ym	datetime.date.compact_ym	0.9996	multi-branch-sibling	datetime.date.compact_ym	0.9996	multi-branch-sibling	1	1	0	UNCHANGED
coverage_closure_phase_ab	continent	geography.location.continent	geography.location.continent	geography.location.continent	0.9993	multi-branch-sibling	geography.location.continent	0.9993	multi-branch-sibling	1	1	0	UNCHANGED
coverage_closure_phase_ab	csv	container.object.csv	container.object.csv	representation.text.plain_text	0.6845	multi-branch-sibling	representation.text.plain_text	0.6845	multi-branch-sibling	0	0	0	UNCHANGED
coverage_closure_phase_ab	ctime	datetime.timestamp.ctime	datetime.timestamp.ctime	datetime.timestamp.ctime	0.9966	multi-branch-sibling	datetime.timestamp.ctime	0.9966	multi-branch-sibling	1	1	0	UNCHANGED
coverage_closure_phase_ab	dea_number	identity.medical.dea_number	identity.medical.dea_number	identity.medical.dea_number	1.0	multi-branch-sibling	identity.medical.dea_number	1.0	multi-branch-sibling	1	1	0	UNCHANGED
coverage_closure_phase_ab	discrete_ordinal	representation.discrete.ordinal	representation.discrete.ordinal	representation.text.plain_text	0.923	multi-branch-sibling	representation.text.plain_text	0.923	multi-branch-sibling	0	0	0	UNCHANGED
coverage_closure_phase_ab	dmy_dash_abbrev	datetime.date.dmy_dash_abbrev	datetime.date.dmy_dash_abbrev	datetime.date.dmy_dash_abbrev	1.0	multi-branch-sibling	datetime.date.dmy_dash_abbrev	1.0	multi-branch-sibling	1	1	0	UNCHANGED
coverage_closure_phase_ab	dmy_dash_abbrev_short	datetime.date.dmy_dash_abbrev_short	datetime.date.dmy_dash_abbrev_short	datetime.date.dmy_dash_abbrev_short	0.9959	multi-branch-sibling	datetime.date.dmy_dash_abbrev_short	0.9959	multi-branch-sibling	1	1	0	UNCHANGED
coverage_closure_phase_ab	dmy_short_dot	datetime.date.dmy_short_dot	datetime.date.dmy_short_dot	datetime.date.dmy_short_dot	0.9384	multi-branch-sibling	datetime.date.dmy_short_dot	0.9384	multi-branch-sibling	1	1	0	UNCHANGED
coverage_closure_phase_ab	dmy_short_slash	datetime.date.dmy_short_slash	datetime.date.dmy_short_slash	datetime.date.dmy_short_slash	0.9625	multi-branch-sibling	datetime.date.dmy_short_slash	0.9625	multi-branch-sibling	1	1	0	UNCHANGED
coverage_closure_phase_ab	dmy_space_abbrev	datetime.date.dmy_space_abbrev	datetime.date.dmy_space_abbrev	datetime.date.dmy_space_abbrev	1.0	multi-branch-sibling	datetime.date.dmy_space_abbrev	1.0	multi-branch-sibling	1	1	0	UNCHANGED
coverage_closure_phase_ab	dmy_space_full	datetime.date.dmy_space_full	datetime.date.dmy_space_full	datetime.date.dmy_space_full	1.0	multi-branch-sibling	datetime.date.dmy_space_full	1.0	multi-branch-sibling	1	1	0	UNCHANGED
coverage_closure_phase_ab	dna_sequence	representation.scientific.dna_sequence	representation.scientific.dna_sequence	representation.identifier.alphanumeric_id	0.6943	multi-branch-sibling	representation.identifier.alphanumeric_id	0.6943	multi-branch-sibling	0	0	0	UNCHANGED
coverage_closure_phase_ab	doi	technology.code.doi	technology.code.doi	technology.code.doi	0.9966	multi-branch-sibling	technology.code.doi	0.9966	multi-branch-sibling	1	1	0	UNCHANGED
coverage_closure_phase_ab	dot_dmy_24h	datetime.timestamp.dot_dmy_24h	datetime.timestamp.dot_dmy_24h	datetime.timestamp.sql_milliseconds	0.635	multi-branch-sibling	datetime.timestamp.sql_milliseconds	0.635	multi-branch-sibling	0	0	0	UNCHANGED
coverage_closure_phase_ab	dot_ymd_24h	datetime.timestamp.dot_ymd_24h	datetime.timestamp.dot_ymd_24h	datetime.timestamp.dot_ymd_24h	0.9933	multi-branch-sibling	datetime.timestamp.dot_ymd_24h	0.9933	multi-branch-sibling	1	1	0	UNCHANGED
coverage_closure_phase_ab	emoji	representation.text.emoji	representation.text.emoji	representation.text.emoji	1.0	multi-branch-sibling	representation.text.emoji	1.0	multi-branch-sibling	1	1	0	UNCHANGED
coverage_closure_phase_ab	excel_format	representation.file.excel_format	representation.file.excel_format	representation.text.word	0.3651	multi-branch-sibling	representation.text.word	0.3651	multi-branch-sibling	0	0	0	UNCHANGED
coverage_closure_phase_ab	extension	representation.file.extension	representation.file.extension	representation.file.extension	0.992	multi-branch-sibling	representation.file.extension	0.992	multi-branch-sibling	1	1	0	UNCHANGED
coverage_closure_phase_ab	full_month_no_comma	datetime.date.full_month_no_comma	datetime.date.full_month_no_comma	datetime.date.full_month_no_comma	1.0	multi-branch-sibling	datetime.date.full_month_no_comma	1.0	multi-branch-sibling	1	1	0	UNCHANGED
coverage_closure_phase_ab	gender_code	identity.person.gender_code	identity.person.gender_code	identity.person.gender_code	0.8065	multi-branch-sibling	identity.person.gender_code	0.8065	multi-branch-sibling	1	1	0	UNCHANGED
coverage_closure_phase_ab	hm_24h	datetime.time.hm_24h	datetime.time.hm_24h	datetime.time.hm_24h	0.9636	multi-branch-sibling	datetime.time.hm_24h	0.9636	multi-branch-sibling	1	1	0	UNCHANGED
coverage_closure_phase_ab	hms_24h	datetime.time.hms_24h	datetime.time.hms_24h	datetime.time.hms_24h	1.0	multi-branch-sibling	datetime.time.hms_24h	1.0	multi-branch-sibling	1	1	0	UNCHANGED
coverage_closure_phase_ab	html	container.object.html	container.object.html	representation.text.plain_text	0.9076	multi-branch-sibling	representation.text.plain_text	0.9076	multi-branch-sibling	0	0	0	UNCHANGED
coverage_closure_phase_ab	http_method	technology.internet.http_method	technology.internet.http_method	technology.internet.http_method	0.9125	multi-branch-sibling	technology.internet.http_method	0.9125	multi-branch-sibling	1	1	0	UNCHANGED
coverage_closure_phase_ab	imei	technology.code.imei	technology.code.imei	technology.code.imei	1.0	multi-branch-sibling	technology.code.imei	1.0	multi-branch-sibling	1	1	0	UNCHANGED
coverage_closure_phase_ab	ip_v4_with_port	technology.internet.ip_v4_with_port	technology.internet.ip_v4_with_port	technology.internet.ip_v4_with_port	0.9986	multi-branch-sibling	technology.internet.ip_v4_with_port	0.9986	multi-branch-sibling	1	1	0	UNCHANGED
coverage_closure_phase_ab	iso	datetime.time.iso	datetime.time.iso	datetime.time.hms_24h	0.9972	multi-branch-sibling	datetime.time.hms_24h	0.9972	multi-branch-sibling	0	0	0	UNCHANGED
coverage_closure_phase_ab	iso_8601_compact	datetime.timestamp.iso_8601_compact	datetime.timestamp.iso_8601_compact	datetime.timestamp.iso_8601_compact	0.5286	multi-branch-sibling	datetime.timestamp.iso_8601_compact	0.5286	multi-branch-sibling	1	1	0	UNCHANGED
coverage_closure_phase_ab	iso_8601_micros_offset	datetime.timestamp.iso_8601_micros_offset	datetime.timestamp.iso_8601_micros_offset	datetime.timestamp.iso_8601_micros_offset	0.9998	multi-branch-sibling	datetime.timestamp.iso_8601_micros_offset	0.9998	multi-branch-sibling	1	1	0	UNCHANGED
coverage_closure_phase_ab	iso_8601_microseconds	datetime.timestamp.iso_8601_microseconds	datetime.timestamp.iso_8601_microseconds	datetime.timestamp.iso_microseconds	0.9962	multi-branch-sibling	datetime.timestamp.iso_microseconds	0.9962	multi-branch-sibling	0	0	0	UNCHANGED
coverage_closure_phase_ab	iso_8601_millis_offset	datetime.timestamp.iso_8601_millis_offset	datetime.timestamp.iso_8601_millis_offset	datetime.timestamp.iso_8601_millis_offset	0.9924	multi-branch-sibling	datetime.timestamp.iso_8601_millis_offset	0.9924	multi-branch-sibling	1	1	0	UNCHANGED
coverage_closure_phase_ab	iso_8601_milliseconds	datetime.timestamp.iso_8601_milliseconds	datetime.timestamp.iso_8601_milliseconds	datetime.timestamp.sql_milliseconds	0.3456	multi-branch-sibling	datetime.timestamp.sql_milliseconds	0.3456	multi-branch-sibling	0	0	0	UNCHANGED
coverage_closure_phase_ab	iso_microseconds	datetime.timestamp.iso_microseconds	datetime.timestamp.iso_microseconds	datetime.timestamp.sql_microseconds	0.9999	multi-branch-sibling	datetime.timestamp.sql_microseconds	0.9999	multi-branch-sibling	0	0	0	UNCHANGED
coverage_closure_phase_ab	iso_space_zulu	datetime.timestamp.iso_space_zulu	datetime.timestamp.iso_space_zulu	datetime.timestamp.iso_space_zulu	0.9974	multi-branch-sibling	datetime.timestamp.iso_space_zulu	0.9974	multi-branch-sibling	1	1	0	UNCHANGED
coverage_closure_phase_ab	jp_era_long	datetime.date.jp_era_long	datetime.date.jp_era_long	datetime.date.jp_era_long	1.0	multi-branch-sibling	datetime.date.jp_era_long	1.0	multi-branch-sibling	1	1	0	UNCHANGED
coverage_closure_phase_ab	jp_era_short	datetime.date.jp_era_short	datetime.date.jp_era_short	representation.identifier.alphanumeric_id	0.7465	multi-branch-sibling	representation.identifier.alphanumeric_id	0.7465	multi-branch-sibling	0	0	0	UNCHANGED
coverage_closure_phase_ab	json_array	container.object.json_array	container.object.json_array	representation.text.plain_text	0.9514	multi-branch-sibling	representation.text.plain_text	0.9514	multi-branch-sibling	0	0	0	UNCHANGED
coverage_closure_phase_ab	julian	datetime.date.julian	datetime.date.julian	representation.numeric.integer_number	0.694	multi-branch-sibling	representation.numeric.integer_number	0.694	multi-branch-sibling	0	0	0	UNCHANGED
coverage_closure_phase_ab	korean_ymd	datetime.date.korean_ymd	datetime.date.korean_ymd	datetime.date.korean_ymd	0.9996	multi-branch-sibling	datetime.date.korean_ymd	0.9996	multi-branch-sibling	1	1	0	UNCHANGED
coverage_closure_phase_ab	mdy_24h	datetime.timestamp.mdy_24h	datetime.timestamp.mdy_24h	datetime.timestamp.mdy_24h	0.9998	multi-branch-sibling	datetime.timestamp.mdy_24h	0.9998	multi-branch-sibling	1	1	0	UNCHANGED
coverage_closure_phase_ab	mdy_short_slash	datetime.date.mdy_short_slash	datetime.date.mdy_short_slash	datetime.date.dmy_short_slash	0.5253	multi-branch-sibling	datetime.date.dmy_short_slash	0.5253	multi-branch-sibling	0	0	0	UNCHANGED
coverage_closure_phase_ab	measurement_unit	representation.scientific.measurement_unit	representation.scientific.measurement_unit	representation.identifier.alphanumeric_id	0.2259	multi-branch-sibling	representation.identifier.alphanumeric_id	0.2259	multi-branch-sibling	0	0	0	UNCHANGED
coverage_closure_phase_ab	month_year_abbrev	datetime.date.month_year_abbrev	datetime.date.month_year_abbrev	datetime.date.month_year_abbrev	0.9998	multi-branch-sibling	datetime.date.month_year_abbrev	0.9998	multi-branch-sibling	1	1	0	UNCHANGED
coverage_closure_phase_ab	month_year_full	datetime.date.month_year_full	datetime.date.month_year_full	datetime.date.month_year_full	0.9992	multi-branch-sibling	datetime.date.month_year_full	0.9992	multi-branch-sibling	1	1	0	UNCHANGED
coverage_closure_phase_ab	month_year_slash	datetime.date.month_year_slash	datetime.date.month_year_slash	datetime.date.month_year_slash	0.9914	multi-branch-sibling	datetime.date.month_year_slash	0.9914	multi-branch-sibling	1	1	0	UNCHANGED
coverage_closure_phase_ab	ndc	identity.medical.ndc	identity.medical.ndc	identity.medical.ndc	0.9998	multi-branch-sibling	identity.medical.ndc	0.9998	multi-branch-sibling	1	1	0	UNCHANGED
coverage_closure_phase_ab	numeric_code	representation.identifier.numeric_code	representation.identifier.numeric_code	representation.numeric.integer_number	0.7555	multi-branch-sibling	representation.numeric.integer_number	0.8555	multi-branch-sibling	0	0	0	UNCHANGED
coverage_closure_phase_ab	ordinal	datetime.date.ordinal	datetime.date.ordinal	datetime.date.abbreviated_month	0.4867	multi-branch-sibling	datetime.date.abbreviated_month	0.4867	multi-branch-sibling	0	0	0	UNCHANGED
coverage_closure_phase_ab	periodicity	datetime.component.periodicity	datetime.component.periodicity	datetime.component.periodicity	0.9846	multi-branch-sibling	datetime.component.periodicity	0.9846	multi-branch-sibling	1	1	0	UNCHANGED
coverage_closure_phase_ab	pg_short_offset	datetime.timestamp.pg_short_offset	datetime.timestamp.pg_short_offset	representation.text.plain_text	0.485	multi-branch-sibling	representation.text.plain_text	0.485	multi-branch-sibling	0	0	0	UNCHANGED
coverage_closure_phase_ab	pipe_separated	container.array.pipe_separated	container.array.pipe_separated	container.array.pipe_separated	0.9974	multi-branch-sibling	container.array.pipe_separated	0.9974	multi-branch-sibling	1	1	0	UNCHANGED
coverage_closure_phase_ab	plain_text	representation.text.plain_text	representation.text.plain_text	representation.text.plain_text	0.9467	multi-branch-sibling	representation.text.plain_text	0.9467	multi-branch-sibling	1	1	0	UNCHANGED
coverage_closure_phase_ab	protein_sequence	representation.scientific.protein_sequence	representation.scientific.protein_sequence	representation.scientific.protein_sequence	0.6771	multi-branch-sibling	representation.scientific.protein_sequence	0.6771	multi-branch-sibling	1	1	0	UNCHANGED
coverage_closure_phase_ab	query_string	container.key_value.query_string	container.key_value.query_string	representation.text.plain_text	0.8773	multi-branch-sibling	representation.text.plain_text	0.8773	multi-branch-sibling	0	0	0	UNCHANGED
coverage_closure_phase_ab	rfc_2822_ordinal	datetime.timestamp.rfc_2822_ordinal	datetime.timestamp.rfc_2822_ordinal	datetime.timestamp.rfc_2822	0.9711	multi-branch-sibling	datetime.timestamp.rfc_2822	1.0	multi-branch-sibling	0	0	0	UNCHANGED
coverage_closure_phase_ab	rna_sequence	representation.scientific.rna_sequence	representation.scientific.rna_sequence	representation.identifier.alphanumeric_id	0.4133	multi-branch-sibling	representation.identifier.alphanumeric_id	0.4133	multi-branch-sibling	0	0	0	UNCHANGED
coverage_closure_phase_ab	sedol	finance.securities.sedol	finance.securities.sedol	finance.securities.lei	0.2736	multi-branch-sibling	finance.securities.lei	0.2736	multi-branch-sibling	0	0	0	UNCHANGED
coverage_closure_phase_ab	semicolon_separated	container.array.semicolon_separated	container.array.semicolon_separated	container.array.semicolon_separated	0.7297	multi-branch-sibling	container.array.semicolon_separated	0.7297	multi-branch-sibling	1	1	0	UNCHANGED
coverage_closure_phase_ab	short_dmy	datetime.date.short_dmy	datetime.date.short_dmy	datetime.date.dmy_slash	0.918	multi-branch-sibling	datetime.date.dmy_slash	0.918	date_slash_disambiguation	0	0	0	UNCHANGED
coverage_closure_phase_ab	short_mdy	datetime.date.short_mdy	datetime.date.short_mdy	datetime.date.mdy_slash	0.9304	multi-branch-sibling	datetime.date.mdy_slash	0.9304	date_slash_disambiguation	0	0	0	UNCHANGED
coverage_closure_phase_ab	short_ymd	datetime.date.short_ymd	datetime.date.short_ymd	datetime.date.ymd_slash	0.9548	multi-branch-sibling	datetime.date.ymd_slash	0.9548	multi-branch-sibling	0	0	0	UNCHANGED
coverage_closure_phase_ab	si_number	representation.numeric.si_number	representation.numeric.si_number	representation.numeric.si_number	0.6597	multi-branch-sibling	representation.numeric.si_number	0.6597	multi-branch-sibling	1	1	0	UNCHANGED
coverage_closure_phase_ab	slash_ymd_24h	datetime.timestamp.slash_ymd_24h	datetime.timestamp.slash_ymd_24h	datetime.timestamp.slash_ymd_24h	1.0	multi-branch-sibling	datetime.timestamp.slash_ymd_24h	1.0	multi-branch-sibling	1	1	0	UNCHANGED
coverage_closure_phase_ab	sql_microseconds	datetime.timestamp.sql_microseconds	datetime.timestamp.sql_microseconds	datetime.timestamp.sql_microseconds	0.9999	multi-branch-sibling	datetime.timestamp.sql_microseconds	0.9999	multi-branch-sibling	1	1	0	UNCHANGED
coverage_closure_phase_ab	sql_microseconds_offset	datetime.timestamp.sql_microseconds_offset	datetime.timestamp.sql_microseconds_offset	datetime.timestamp.sql_microseconds_offset	1.0	multi-branch-sibling	datetime.timestamp.sql_microseconds_offset	1.0	multi-branch-sibling	1	1	0	UNCHANGED
coverage_closure_phase_ab	sql_milliseconds	datetime.timestamp.sql_milliseconds	datetime.timestamp.sql_milliseconds	datetime.timestamp.sql_milliseconds	1.0	multi-branch-sibling	datetime.timestamp.sql_milliseconds	1.0	multi-branch-sibling	1	1	0	UNCHANGED
coverage_closure_phase_ab	state_code	geography.location.state_code	geography.location.state_code	geography.location.region	0.8599	multi-branch-sibling	geography.location.region	0.8599	multi-branch-sibling	0	0	0	UNCHANGED
coverage_closure_phase_ab	terms	representation.boolean.terms	representation.boolean.terms	representation.boolean.terms	1.0	multi-branch-sibling	representation.boolean.terms	1.0	boolean_subtype_terms	1	1	0	UNCHANGED
coverage_closure_phase_ab	token_urlsafe	technology.cryptographic.token_urlsafe	technology.cryptographic.token_urlsafe	technology.cryptographic.token_urlsafe	0.9775	multi-branch-sibling	technology.cryptographic.token_urlsafe	0.9775	multi-branch-sibling	1	1	0	UNCHANGED
coverage_closure_phase_ab	top_level_domain	technology.internet.top_level_domain	technology.internet.top_level_domain	technology.internet.hostname	0.5634	multi-branch-sibling	technology.internet.hostname	0.5634	multi-branch-sibling	0	0	0	UNCHANGED
coverage_closure_phase_ab	unix_milliseconds	datetime.epoch.unix_milliseconds	datetime.epoch.unix_milliseconds	datetime.epoch.unix_milliseconds	0.9772	multi-branch-sibling	datetime.epoch.unix_milliseconds	1.0	multi-branch-sibling	1	1	0	UNCHANGED
coverage_closure_phase_ab	unix_seconds	datetime.epoch.unix_seconds	datetime.epoch.unix_seconds	datetime.epoch.unix_seconds	0.5319	multi-branch-sibling	datetime.epoch.unix_seconds	0.6319	multi-branch-sibling	1	1	0	UNCHANGED
coverage_closure_phase_ab	weekday_abbreviated_month	datetime.date.weekday_abbreviated_month	datetime.date.weekday_abbreviated_month	datetime.date.weekday_abbreviated_month	0.9994	multi-branch-sibling	datetime.date.weekday_abbreviated_month	0.9994	multi-branch-sibling	1	1	0	UNCHANGED
coverage_closure_phase_ab	weekday_dmy_full	datetime.date.weekday_dmy_full	datetime.date.weekday_dmy_full	datetime.date.weekday_dmy_full	0.9476	multi-branch-sibling	datetime.date.weekday_dmy_full	0.9476	multi-branch-sibling	1	1	0	UNCHANGED
coverage_closure_phase_ab	weekday_full_month	datetime.date.weekday_full_month	datetime.date.weekday_full_month	datetime.date.weekday_abbreviated_month	0.6525	multi-branch-sibling	datetime.date.weekday_abbreviated_month	0.6525	multi-branch-sibling	0	0	0	UNCHANGED
coverage_closure_phase_ab	whitespace_separated	container.array.whitespace_separated	container.array.whitespace_separated	container.array.whitespace_separated	0.411	multi-branch-sibling	container.array.whitespace_separated	0.411	multi-branch-sibling	1	1	0	UNCHANGED
coverage_closure_phase_ab	word	representation.text.word	representation.text.word	representation.text.word	0.8946	multi-branch-sibling	representation.text.word	0.8946	multi-branch-sibling	1	1	0	UNCHANGED
coverage_closure_phase_ab	xml	container.object.xml	container.object.xml	representation.text.plain_text	0.9067	multi-branch-sibling	representation.text.plain_text	0.9067	multi-branch-sibling	0	0	0	UNCHANGED
coverage_closure_phase_ab	yaml	container.object.yaml	container.object.yaml	representation.text.plain_text	0.9199	multi-branch-sibling	representation.text.plain_text	0.9199	multi-branch-sibling	0	0	0	UNCHANGED
coverage_closure_phase_ab	year_month	datetime.date.year_month	datetime.date.year_month	datetime.date.year_month	0.9994	multi-branch-sibling	datetime.date.year_month	0.9994	multi-branch-sibling	1	1	0	UNCHANGED
coverage_closure_phase_ab	yield	finance.rate.yield	finance.rate.yield	representation.numeric.percentage	1.0	multi-branch-sibling	representation.numeric.percentage	1.0	multi-branch-sibling	0	0	0	UNCHANGED
coverage_closure_phase_ab	ymd_slash	datetime.date.ymd_slash	datetime.date.ymd_slash	datetime.date.ymd_slash	1.0	multi-branch-sibling	datetime.date.ymd_slash	1.0	multi-branch-sibling	1	1	0	UNCHANGED
covid_timeseries	Country	country	geography.location.country	geography.location.country	1.0	multi-branch-sibling	geography.location.country	1.0	multi-branch-sibling	1	1	0	UNCHANGED
covid_timeseries	Date	iso date	datetime.date.iso	datetime.date.iso	1.0	multi-branch-sibling	datetime.date.iso	1.0	multi-branch-sibling	1	1	0	UNCHANGED
covid_timeseries	Recovered	number	representation.numeric.integer_number	representation.numeric.integer_number	0.8526	multi-branch-sibling	representation.numeric.integer_number	0.8526	multi-branch-sibling	1	1	0	UNCHANGED
datetime_coverage	clf_timestamp	clf timestamp	datetime.timestamp.clf	datetime.timestamp.clf	1.0	multi-branch-sibling	datetime.timestamp.clf	1.0	multi-branch-sibling	1	1	0	UNCHANGED
datetime_coverage	compact_dmy	compact dmy	datetime.date.compact_dmy	datetime.date.compact_dmy	0.9989	multi-branch-sibling	datetime.date.compact_dmy	0.9989	multi-branch-sibling	1	1	0	UNCHANGED
datetime_coverage	compact_ymd	compact ymd	datetime.date.compact_ymd	datetime.date.compact_ymd	0.999	multi-branch-sibling	datetime.date.compact_ymd	0.999	multi-branch-sibling	1	1	0	UNCHANGED
datetime_coverage	dmy_dash	dmy dash	datetime.date.dmy_dash	datetime.date.dmy_dash	0.5986	multi-branch-sibling	datetime.date.dmy_dash	0.5986	multi-branch-sibling	1	1	0	UNCHANGED
datetime_coverage	fiscal_year	fiscal year	datetime.period.fiscal_year	datetime.period.fiscal_year	1.0	multi-branch-sibling	datetime.period.fiscal_year	1.0	multi-branch-sibling	1	1	0	UNCHANGED
datetime_coverage	iso_8601_offset	iso 8601 offset	datetime.timestamp.iso_8601_offset	datetime.timestamp.iso_8601_offset	1.0	multi-branch-sibling	datetime.timestamp.iso_8601_offset	1.0	multi-branch-sibling	1	1	0	UNCHANGED
datetime_coverage	iso_week	iso week	datetime.date.iso_week	datetime.date.iso_week	0.7299	multi-branch-sibling	datetime.date.iso_week	0.7299	multi-branch-sibling	1	1	0	UNCHANGED
datetime_coverage	mdy_dash	mdy dash	datetime.date.mdy_dash	datetime.date.mdy_dash	0.7699	multi-branch-sibling	datetime.date.mdy_dash	0.7699	multi-branch-sibling	1	1	0	UNCHANGED
datetime_coverage	quarter	quarter	datetime.period.quarter	datetime.period.quarter	0.9998	multi-branch-sibling	datetime.period.quarter	0.9998	multi-branch-sibling	1	1	0	UNCHANGED
datetime_coverage	syslog_bsd	syslog bsd	datetime.timestamp.syslog_bsd	datetime.timestamp.syslog_bsd	0.9954	multi-branch-sibling	datetime.timestamp.syslog_bsd	0.9954	multi-branch-sibling	1	1	0	UNCHANGED
datetime_coverage	ymd_dot	ymd dot	datetime.date.ymd_dot	datetime.date.ymd_dot	0.9994	multi-branch-sibling	datetime.date.ymd_dot	0.9994	multi-branch-sibling	1	1	0	UNCHANGED
datetime_formats	day_of_week	day of week	datetime.component.day_of_week	datetime.component.day_of_week	1.0	multi-branch-sibling	datetime.component.day_of_week	1.0	day_of_week_name_detection	1	1	0	UNCHANGED
datetime_formats	duration_iso	duration	datetime.duration.iso_8601	datetime.duration.iso_8601	1.0	multi-branch-sibling	datetime.duration.iso_8601	1.0	multi-branch-sibling	1	1	0	UNCHANGED
datetime_formats	iso_date	iso date	datetime.date.iso	datetime.date.iso	1.0	multi-branch-sibling	datetime.date.iso	1.0	multi-branch-sibling	1	1	0	UNCHANGED
datetime_formats	iso_timestamp	timestamp	datetime.timestamp.iso_8601	datetime.timestamp.iso_8601	1.0	multi-branch-sibling	datetime.timestamp.iso_8601	1.0	multi-branch-sibling	1	1	0	UNCHANGED
datetime_formats	month_name	month name	datetime.component.month_name	datetime.component.month_name	0.9705	multi-branch-sibling	datetime.component.month_name	0.9705	month_name_detection	1	1	0	UNCHANGED
datetime_formats	sql_timestamp	sql timestamp	datetime.timestamp.sql_standard	datetime.timestamp.sql_standard	1.0	multi-branch-sibling	datetime.timestamp.sql_standard	1.0	multi-branch-sibling	1	1	0	UNCHANGED
datetime_formats	time_24h	time 24h	datetime.time.hm_24h	datetime.time.hms_24h	1.0	multi-branch-sibling	datetime.time.hms_24h	1.0	multi-branch-sibling	1	1	0	UNCHANGED
datetime_formats	timezone	time zone	datetime.offset.iana	datetime.offset.iana	1.0	multi-branch-sibling	datetime.offset.iana	1.0	multi-branch-sibling	1	1	0	UNCHANGED
datetime_formats	unix_epoch	time	datetime.epoch.unix_seconds	datetime.epoch.unix_seconds	1.0	multi-branch-sibling	datetime.epoch.unix_seconds	1.0	multi-branch-sibling	1	1	0	UNCHANGED
datetime_formats	unix_ms	time	datetime.epoch.unix_seconds	datetime.epoch.unix_milliseconds	0.9966	multi-branch-sibling	datetime.epoch.unix_milliseconds	1.0	multi-branch-sibling	1	1	0	UNCHANGED
datetime_formats	us_date	mdy slash	datetime.date.mdy_slash	datetime.date.mdy_slash	0.7115	multi-branch-sibling	datetime.date.mdy_slash	0.7115	date_slash_disambiguation	1	1	0	UNCHANGED
datetime_formats	utc_offset	utc offset	datetime.offset.utc	datetime.offset.utc	0.5252	multi-branch-sibling	datetime.offset.utc	0.6252	utc_offset_override_time	1	1	0	UNCHANGED
datetime_formats_extended	abbreviated_month_date	abbreviated month date	datetime.date.abbreviated_month	datetime.date.abbreviated_month	0.878	multi-branch-sibling	datetime.date.abbreviated_month	0.878	multi-branch-sibling	1	1	0	UNCHANGED
datetime_formats_extended	american_timestamp	american timestamp	datetime.timestamp.mdy_12h	datetime.timestamp.mdy_12h	1.0	multi-branch-sibling	datetime.timestamp.mdy_12h	1.0	multi-branch-sibling	1	1	0	UNCHANGED
datetime_formats_extended	eu_dot_date	eu dot date	datetime.date.dmy_dot	datetime.date.dmy_dot	1.0	multi-branch-sibling	datetime.date.dmy_dot	1.0	multi-branch-sibling	1	1	0	UNCHANGED
datetime_formats_extended	european_timestamp	european timestamp	datetime.timestamp.dmy_hm	datetime.timestamp.dmy_hm	1.0	multi-branch-sibling	datetime.timestamp.dmy_hm	1.0	multi-branch-sibling	1	1	0	UNCHANGED
datetime_formats_extended	long_full_month_date	long full month date	datetime.date.long_full_month	datetime.date.dmy_space_full	0.8022	multi-branch-sibling	datetime.date.dmy_space_full	0.8022	multi-branch-sibling	0	0	0	UNCHANGED
datetime_formats_extended	rfc_2822_timestamp	rfc 2822 timestamp	datetime.timestamp.rfc_2822	datetime.timestamp.rfc_2822	1.0	multi-branch-sibling	datetime.timestamp.rfc_2822	1.0	multi-branch-sibling	1	1	0	UNCHANGED
datetime_formats_extended	time_12h	time 12h	datetime.time.hm_12h	datetime.time.hm_12h	1.0	multi-branch-sibling	datetime.time.hm_12h	1.0	multi-branch-sibling	1	1	0	UNCHANGED
datetime_formats_extended	time_12h_seconds	time 12h seconds	datetime.time.hms_12h	datetime.time.hms_12h	1.0	multi-branch-sibling	datetime.time.hms_12h	1.0	multi-branch-sibling	1	1	0	UNCHANGED
earthquakes_2024	depthError	decimal number	representation.numeric.decimal_number	representation.numeric.decimal_number	0.8461	multi-branch-sibling	representation.numeric.decimal_number	0.8461	multi-branch-sibling	1	1	0	UNCHANGED
earthquakes_2024	dmin	decimal number	representation.numeric.decimal_number	representation.numeric.decimal_number	0.9554	multi-branch-sibling	representation.numeric.decimal_number	0.9554	multi-branch-sibling	1	1	0	UNCHANGED
earthquakes_2024	gap	decimal number	representation.numeric.decimal_number	representation.numeric.integer_number	0.4711	multi-branch-sibling	representation.numeric.integer_number	0.4711	multi-branch-sibling	1	1	0	UNCHANGED
earthquakes_2024	horizontalError	decimal number	representation.numeric.decimal_number	representation.numeric.decimal_number	0.9995	multi-branch-sibling	representation.numeric.decimal_number	0.9995	multi-branch-sibling	1	1	0	UNCHANGED
earthquakes_2024	id	alphanumeric id	representation.identifier.alphanumeric_id	geography.coordinate.geohash	0.8504	multi-branch-sibling	geography.coordinate.geohash	0.8504	multi-branch-sibling	0	0	0	UNCHANGED
earthquakes_2024	latitude	latitude	geography.coordinate.latitude	geography.coordinate.latitude	1.0	multi-branch-sibling	geography.coordinate.latitude	1.0	coordinate_disambiguation	1	1	0	UNCHANGED
earthquakes_2024	locationSource	category	representation.discrete.categorical	representation.scientific.measurement_unit	0.988	multi-branch-sibling	representation.scientific.measurement_unit	0.988	multi-branch-sibling	0	0	0	UNCHANGED
earthquakes_2024	longitude	longitude	geography.coordinate.longitude	geography.coordinate.longitude	1.0	multi-branch-sibling	geography.coordinate.longitude	1.0	coordinate_disambiguation	1	1	0	UNCHANGED
earthquakes_2024	mag	decimal number	representation.numeric.decimal_number	representation.numeric.decimal_number	0.9992	multi-branch-sibling	representation.numeric.decimal_number	0.9992	multi-branch-sibling	1	1	0	UNCHANGED
earthquakes_2024	magError	decimal number	representation.numeric.decimal_number	representation.numeric.decimal_number	0.9899	multi-branch-sibling	representation.numeric.decimal_number	0.9899	multi-branch-sibling	1	1	0	UNCHANGED
earthquakes_2024	magSource	category	representation.discrete.categorical	representation.scientific.measurement_unit	0.9871	multi-branch-sibling	representation.scientific.measurement_unit	0.9871	multi-branch-sibling	0	0	0	UNCHANGED
earthquakes_2024	magType	category	representation.discrete.categorical	technology.internet.top_level_domain	0.9985	multi-branch-sibling	technology.internet.top_level_domain	0.9985	multi-branch-sibling	0	0	0	UNCHANGED
earthquakes_2024	net	category	representation.discrete.categorical	representation.scientific.measurement_unit	0.9931	multi-branch-sibling	representation.scientific.measurement_unit	0.9931	multi-branch-sibling	0	0	0	UNCHANGED
earthquakes_2024	place	address	geography.address.full_address	geography.address.full_address	0.9135	multi-branch-sibling	geography.address.full_address	0.9135	multi-branch-sibling	1	1	0	UNCHANGED
earthquakes_2024	rms	decimal number	representation.numeric.decimal_number	representation.numeric.decimal_number	1.0	multi-branch-sibling	representation.numeric.decimal_number	1.0	multi-branch-sibling	1	1	0	UNCHANGED
earthquakes_2024	status	status	representation.discrete.categorical	technology.internet.top_level_domain	0.9975	multi-branch-sibling	technology.internet.top_level_domain	0.9975	multi-branch-sibling	0	0	0	UNCHANGED
earthquakes_2024	time	iso timestamp milliseconds	datetime.timestamp.iso_8601_milliseconds	datetime.timestamp.iso_8601_milliseconds	1.0	multi-branch-sibling	datetime.timestamp.iso_8601_milliseconds	1.0	multi-branch-sibling	1	1	0	UNCHANGED
earthquakes_2024	type	category	representation.discrete.categorical	geography.location.region	0.7441	multi-branch-sibling	geography.location.region	0.7441	multi-branch-sibling	0	0	0	UNCHANGED
earthquakes_2024	updated	iso timestamp milliseconds	datetime.timestamp.iso_8601_milliseconds	datetime.timestamp.iso_8601_milliseconds	1.0	multi-branch-sibling	datetime.timestamp.iso_8601_milliseconds	1.0	multi-branch-sibling	1	1	0	UNCHANGED
ecommerce_orders	currency	currency	finance.currency.currency_code	finance.currency.currency_code	1.0	multi-branch-sibling	finance.currency.currency_code	1.0	multi-branch-sibling	1	1	0	UNCHANGED
ecommerce_orders	customer_email	email	identity.person.email	identity.person.email	1.0	multi-branch-sibling	identity.person.email	1.0	multi-branch-sibling	1	1	0	UNCHANGED
ecommerce_orders	is_gift	boolean	representation.boolean.binary	representation.boolean.terms	0.9986	multi-branch-sibling	representation.boolean.terms	0.9986	boolean_subtype_terms	1	1	0	UNCHANGED
ecommerce_orders	order_date	iso date	datetime.date.iso	datetime.date.iso	1.0	multi-branch-sibling	datetime.date.iso	1.0	multi-branch-sibling	1	1	0	UNCHANGED
ecommerce_orders	order_id	code	representation.identifier.alphanumeric_id	finance.securities.sedol	0.5103	multi-branch-sibling	finance.securities.sedol	0.5103	multi-branch-sibling	0	0	0	UNCHANGED
ecommerce_orders	shipping_country	country	geography.location.country	geography.location.country	1.0	multi-branch-sibling	geography.location.country	1.0	multi-branch-sibling	1	1	0	UNCHANGED
ecommerce_orders	status	status	representation.discrete.categorical	datetime.component.periodicity	0.9247	multi-branch-sibling	datetime.component.periodicity	0.9247	multi-branch-sibling	0	0	0	UNCHANGED
ecommerce_orders	tracking_url	url	technology.internet.url	technology.internet.url	1.0	multi-branch-sibling	technology.internet.url	1.0	multi-branch-sibling	1	1	0	UNCHANGED
ecommerce_orders_json	currency	currency code	finance.currency.currency_code	finance.currency.currency_code	1.0	multi-branch-sibling	finance.currency.currency_code	1.0	multi-branch-sibling	1	1	0	UNCHANGED
ecommerce_orders_json	customer_email	email	identity.person.email	identity.person.email	0.9949	multi-branch-sibling	identity.person.email	1.0	multi-branch-sibling	1	1	0	UNCHANGED
ecommerce_orders_json	is_express	boolean	representation.boolean.binary	representation.boolean.terms	0.9998	multi-branch-sibling	representation.boolean.terms	0.9998	boolean_subtype_terms	1	1	0	UNCHANGED
ecommerce_orders_json	order_date	iso timestamp	datetime.timestamp.iso_8601	datetime.timestamp.iso_8601	0.9997	multi-branch-sibling	datetime.timestamp.iso_8601	1.0	multi-branch-sibling	1	1	0	UNCHANGED
ecommerce_orders_json	order_id	alphanumeric id	representation.identifier.alphanumeric_id	representation.identifier.alphanumeric_id	0.9926	multi-branch-sibling	representation.identifier.alphanumeric_id	0.9926	multi-branch-sibling	1	1	0	UNCHANGED
ecommerce_orders_json	product	category	representation.discrete.categorical	representation.text.entity_name	0.8289	multi-branch-sibling	representation.text.entity_name	0.8289	multi-branch-sibling	0	0	0	UNCHANGED
ecommerce_orders_json	quantity	number	representation.numeric.integer_number	representation.numeric.integer_number	0.9761	multi-branch-sibling	representation.numeric.integer_number	0.9761	header_hint:quantity	1	1	0	UNCHANGED
ecommerce_orders_json	status	status	representation.discrete.categorical	representation.text.word	0.7491	multi-branch-sibling	representation.text.word	0.7491	multi-branch-sibling	0	0	0	UNCHANGED
ecommerce_orders_json	total	decimal number	representation.numeric.decimal_number	representation.numeric.decimal_number	1.0	multi-branch-sibling	representation.numeric.decimal_number	1.0	multi-branch-sibling	1	1	0	UNCHANGED
finance_coverage	bitcoin_address	bitcoin address	finance.crypto.bitcoin_address	finance.crypto.bitcoin_address	1.0	multi-branch-sibling	finance.crypto.bitcoin_address	1.0	multi-branch-sibling	1	1	0	UNCHANGED
finance_coverage	currency_symbol	currency symbol	finance.currency.currency_symbol	finance.currency.currency_code	0.9206	multi-branch-sibling	finance.currency.currency_code	0.9206	multi-branch-sibling	1	1	0	UNCHANGED
finance_coverage	cusip	cusip	finance.securities.cusip	finance.securities.cusip	0.9995	multi-branch-sibling	finance.securities.cusip	0.9995	multi-branch-sibling	1	1	0	UNCHANGED
finance_coverage	lei	lei	finance.securities.lei	finance.securities.lei	1.0	multi-branch-sibling	finance.securities.lei	1.0	multi-branch-sibling	1	1	0	UNCHANGED
financial_data	currency	currency	finance.currency.currency_code	finance.currency.currency_code	1.0	multi-branch-sibling	finance.currency.currency_code	1.0	multi-branch-sibling	1	1	0	UNCHANGED
financial_data	date	iso date	datetime.date.iso	datetime.date.iso	1.0	multi-branch-sibling	datetime.date.iso	1.0	multi-branch-sibling	1	1	0	UNCHANGED
financial_data	dividend_yield	percentage	representation.numeric.percentage	representation.numeric.percentage	1.0	multi-branch-sibling	representation.numeric.percentage	1.0	multi-branch-sibling	1	1	0	UNCHANGED
financial_data	market_cap	value	representation.numeric.decimal_number	representation.file.file_size	0.7316	multi-branch-sibling	representation.file.file_size	0.7316	multi-branch-sibling	0	0	0	UNCHANGED
financial_data	pe_ratio	decimal number	representation.numeric.decimal_number	representation.numeric.decimal_number	0.9998	multi-branch-sibling	representation.numeric.decimal_number	0.9998	multi-branch-sibling	1	1	0	UNCHANGED
financial_data	ticker	code	representation.identifier.alphanumeric_id	geography.transportation.icao_code	1.0	multi-branch-sibling	geography.transportation.icao_code	1.0	multi-branch-sibling	0	0	0	UNCHANGED
geography_data	city	city	geography.location.city	geography.location.city	0.9928	multi-branch-sibling	geography.location.city	1.0	multi-branch-sibling	1	1	0	UNCHANGED
geography_data	coordinates	coordinates	geography.coordinate.coordinates	geography.coordinate.coordinates	1.0	multi-branch-sibling	geography.coordinate.coordinates	1.0	multi-branch-sibling	1	1	0	UNCHANGED
geography_data	country	country	geography.location.country	geography.location.country	1.0	multi-branch-sibling	geography.location.country	1.0	multi-branch-sibling	1	1	0	UNCHANGED
geography_data	country_code	country code	geography.location.country_code	geography.location.country_code	0.9998	multi-branch-sibling	geography.location.country_code	1.0	multi-branch-sibling	1	1	0	UNCHANGED
geography_data	full_address	address	geography.address.full_address	geography.address.full_address	0.6731	multi-branch-sibling	geography.address.full_address	0.7731	multi-branch-sibling	1	1	0	UNCHANGED
geography_data	latitude	latitude	geography.coordinate.latitude	geography.coordinate.latitude	1.0	multi-branch-sibling	geography.coordinate.latitude	1.0	coordinate_disambiguation	1	1	0	UNCHANGED
geography_data	postal_code	postal code	geography.address.postal_code	geography.address.postal_code	0.9581	multi-branch-sibling	geography.address.postal_code	1.0	multi-branch-sibling	1	1	0	UNCHANGED
geography_data	region	region	geography.location.region	geography.location.city	0.6632	multi-branch-sibling	geography.location.city	0.6632	multi-branch-sibling	0	0	0	UNCHANGED
iris	petal_length	decimal number	representation.numeric.decimal_number	representation.numeric.decimal_number	0.9983	multi-branch-sibling	representation.numeric.decimal_number	0.9983	multi-branch-sibling	1	1	0	UNCHANGED
iris	petal_width	decimal number	representation.numeric.decimal_number	representation.numeric.decimal_number	0.9923	multi-branch-sibling	representation.numeric.decimal_number	0.9923	multi-branch-sibling	1	1	0	UNCHANGED
iris	sepal_length	decimal number	representation.numeric.decimal_number	representation.numeric.decimal_number	0.9996	multi-branch-sibling	representation.numeric.decimal_number	0.9996	multi-branch-sibling	1	1	0	UNCHANGED
iris	sepal_width	decimal number	representation.numeric.decimal_number	representation.numeric.decimal_number	0.9996	multi-branch-sibling	representation.numeric.decimal_number	0.9996	multi-branch-sibling	1	1	0	UNCHANGED
medical_records	date_of_birth	iso date	datetime.date.iso	datetime.date.iso	1.0	multi-branch-sibling	datetime.date.iso	1.0	multi-branch-sibling	1	1	0	UNCHANGED
medical_records	diagnosis_code	icd10	identity.medical.icd10	identity.medical.icd10	1.0	multi-branch-sibling	identity.medical.icd10	1.0	multi-branch-sibling	1	1	0	UNCHANGED
medical_records	first_name	first name	identity.person.first_name	identity.person.first_name	1.0	multi-branch-sibling	identity.person.first_name	1.0	header_hint_cross_domain:first_name	1	1	0	UNCHANGED
medical_records	heart_rate	number	representation.numeric.integer_number	representation.numeric.integer_number	0.9729	multi-branch-sibling	representation.numeric.integer_number	1.0	multi-branch-sibling	1	1	0	UNCHANGED
medical_records	is_admitted	boolean	representation.boolean.binary	representation.boolean.terms	1.0	multi-branch-sibling	representation.boolean.terms	1.0	boolean_subtype_terms	1	1	0	UNCHANGED
medical_records	last_name	last name	identity.person.last_name	identity.person.last_name	0.95	multi-branch-sibling	identity.person.last_name	1.0	multi-branch-sibling	1	1	0	UNCHANGED
medical_records	npi	npi	identity.medical.npi	identity.medical.npi	1.0	multi-branch-sibling	identity.medical.npi	1.0	multi-branch-sibling	1	1	0	UNCHANGED
medical_records	patient_id	id	representation.identifier.increment	representation.identifier.alphanumeric_id	0.5465	multi-branch-sibling	representation.identifier.alphanumeric_id	0.5465	multi-branch-sibling	1	1	0	UNCHANGED
medical_records	temperature_f	decimal number	representation.numeric.decimal_number	representation.numeric.decimal_number	1.0	multi-branch-sibling	representation.numeric.decimal_number	1.0	multi-branch-sibling	1	1	0	UNCHANGED
medical_records	visit_date	iso date	datetime.date.iso	datetime.date.iso	1.0	multi-branch-sibling	datetime.date.iso	1.0	multi-branch-sibling	1	1	0	UNCHANGED
multilingual	country	country	geography.location.country	geography.location.country	0.999	multi-branch-sibling	geography.location.country	1.0	multi-branch-sibling	1	1	0	UNCHANGED
multilingual	locale	language code	technology.code.locale_code	technology.code.locale_code	0.4843	multi-branch-sibling	technology.code.locale_code	0.4843	multi-branch-sibling	1	1	0	UNCHANGED
multilingual	name	name	identity.person.full_name	identity.person.full_name	0.988	multi-branch-sibling	identity.person.full_name	0.988	multi-branch-sibling	1	1	0	UNCHANGED
multilingual	phone	telephone	identity.person.phone_number	identity.person.phone_number	1.0	multi-branch-sibling	identity.person.phone_number	1.0	multi-branch-sibling	1	1	0	UNCHANGED
network_logs	content_type	file format	representation.file.mime_type	representation.file.mime_type	1.0	multi-branch-sibling	representation.file.mime_type	1.0	multi-branch-sibling	1	1	0	UNCHANGED
network_logs	destination_ip	ip_v4	technology.internet.ip_v4	technology.internet.ip_v4	0.9999	multi-branch-sibling	technology.internet.ip_v4	1.0	ipv4_detection	1	1	0	UNCHANGED
network_logs	method	http method	technology.internet.http_method	technology.internet.http_method	1.0	multi-branch-sibling	technology.internet.http_method	1.0	multi-branch-sibling	1	1	0	UNCHANGED
network_logs	query_params	code	representation.identifier.alphanumeric_id	container.key_value.query_string	1.0	multi-branch-sibling	container.key_value.query_string	1.0	multi-branch-sibling	1	1	0	UNCHANGED
network_logs	request_id	uuid	representation.identifier.uuid	representation.identifier.uuid	1.0	multi-branch-sibling	representation.identifier.uuid	1.0	multi-branch-sibling	1	1	0	UNCHANGED
network_logs	source_ip	ip_v4	technology.internet.ip_v4	technology.internet.ip_v4	1.0	multi-branch-sibling	technology.internet.ip_v4	1.0	ipv4_detection	1	1	0	UNCHANGED
network_logs	timestamp	iso timestamp milliseconds	datetime.timestamp.iso_8601_milliseconds	datetime.timestamp.iso_8601_milliseconds	1.0	multi-branch-sibling	datetime.timestamp.iso_8601_milliseconds	1.0	multi-branch-sibling	1	1	0	UNCHANGED
network_logs	user_agent	user agent	technology.internet.user_agent	container.array.whitespace_separated	0.5738	multi-branch-sibling	container.array.whitespace_separated	0.5738	multi-branch-sibling	0	0	0	UNCHANGED
new_finance	aba_routing	aba routing	finance.banking.aba_routing	finance.banking.aba_routing	1.0	multi-branch-sibling	finance.banking.aba_routing	1.0	multi-branch-sibling	1	1	0	UNCHANGED
new_finance	bsb	bsb	finance.banking.bsb	finance.banking.bsb	1.0	multi-branch-sibling	finance.banking.bsb	1.0	multi-branch-sibling	1	1	0	UNCHANGED
new_finance	figi	figi	finance.securities.figi	finance.securities.figi	1.0	multi-branch-sibling	finance.securities.figi	1.0	multi-branch-sibling	1	1	0	UNCHANGED
new_geography	dms	dms	geography.coordinate.dms	geography.coordinate.dms	1.0	multi-branch-sibling	geography.coordinate.dms	1.0	multi-branch-sibling	1	1	0	UNCHANGED
new_geography	geohash	geohash	geography.coordinate.geohash	geography.coordinate.geohash	1.0	multi-branch-sibling	geography.coordinate.geohash	1.0	multi-branch-sibling	1	1	0	UNCHANGED
new_geography	geojson	geojson	container.object.json	representation.text.plain_text	0.9921	multi-branch-sibling	representation.text.plain_text	0.9921	multi-branch-sibling	0	0	0	UNCHANGED
new_geography	h3	h3	geography.index.h3	geography.index.h3	1.0	multi-branch-sibling	geography.index.h3	1.0	multi-branch-sibling	1	1	0	UNCHANGED
new_geography	hs_code	hs code	geography.transportation.hs_code	geography.transportation.hs_code	0.9854	multi-branch-sibling	geography.transportation.hs_code	0.9854	multi-branch-sibling	1	1	0	UNCHANGED
new_geography	iso6346	iso6346	geography.transportation.iso6346	geography.transportation.iso6346	1.0	multi-branch-sibling	geography.transportation.iso6346	1.0	multi-branch-sibling	1	1	0	UNCHANGED
new_geography	mgrs	mgrs	geography.coordinate.mgrs	geography.coordinate.mgrs	1.0	multi-branch-sibling	geography.coordinate.mgrs	1.0	multi-branch-sibling	1	1	0	UNCHANGED
new_geography	plus_code	plus code	geography.coordinate.plus_code	geography.coordinate.plus_code	1.0	multi-branch-sibling	geography.coordinate.plus_code	1.0	multi-branch-sibling	1	1	0	UNCHANGED
new_geography	unlocode	unlocode	geography.transportation.unlocode	geography.transportation.unlocode	1.0	multi-branch-sibling	geography.transportation.unlocode	1.0	multi-branch-sibling	1	1	0	UNCHANGED
new_geography	wkt	wkt	geography.format.wkt	geography.format.wkt	1.0	multi-branch-sibling	geography.format.wkt	1.0	multi-branch-sibling	1	1	0	UNCHANGED
new_identity	abn	abn	identity.government.abn	identity.government.abn	1.0	multi-branch-sibling	identity.government.abn	1.0	multi-branch-sibling	1	1	0	UNCHANGED
new_identity	cpt	cpt	identity.medical.cpt	identity.medical.cpt	1.0	multi-branch-sibling	identity.medical.cpt	1.0	multi-branch-sibling	1	1	0	UNCHANGED
new_identity	ein	ein	identity.government.ein	identity.government.ein	1.0	multi-branch-sibling	identity.government.ein	1.0	multi-branch-sibling	1	1	0	UNCHANGED
new_identity	email_display	email display	identity.person.email_display	identity.person.email_display	1.0	multi-branch-sibling	identity.person.email_display	1.0	multi-branch-sibling	1	1	0	UNCHANGED
new_identity	eu_vat	eu vat	identity.government.eu_vat	identity.government.eu_vat	1.0	multi-branch-sibling	identity.government.eu_vat	1.0	multi-branch-sibling	1	1	0	UNCHANGED
new_identity	hcpcs	hcpcs	identity.medical.hcpcs	identity.medical.hcpcs	1.0	multi-branch-sibling	identity.medical.hcpcs	1.0	multi-branch-sibling	1	1	0	UNCHANGED
new_identity	icd10	icd10	identity.medical.icd10	identity.medical.icd10	1.0	multi-branch-sibling	identity.medical.icd10	1.0	multi-branch-sibling	1	1	0	UNCHANGED
new_identity	isrc	isrc	identity.commerce.isrc	identity.commerce.isrc	1.0	multi-branch-sibling	identity.commerce.isrc	1.0	multi-branch-sibling	1	1	0	UNCHANGED
new_identity	loinc	loinc	identity.medical.loinc	identity.medical.loinc	1.0	multi-branch-sibling	identity.medical.loinc	1.0	multi-branch-sibling	1	1	0	UNCHANGED
new_identity	orcid	orcid	identity.academic.orcid	identity.academic.orcid	1.0	multi-branch-sibling	identity.academic.orcid	1.0	multi-branch-sibling	1	1	0	UNCHANGED
new_identity	pan_india	pan india	identity.government.pan_india	identity.government.pan_india	1.0	multi-branch-sibling	identity.government.pan_india	1.0	multi-branch-sibling	1	1	0	UNCHANGED
new_identity	phone_e164	phone e164	identity.person.phone_e164	identity.person.phone_e164	1.0	multi-branch-sibling	identity.person.phone_e164	1.0	multi-branch-sibling	1	1	0	UNCHANGED
new_identity	ssn	ssn	identity.government.ssn	identity.government.ssn	1.0	multi-branch-sibling	identity.government.ssn	1.0	multi-branch-sibling	1	1	0	UNCHANGED
new_identity	upc	upc	identity.commerce.upc	identity.commerce.upc	1.0	multi-branch-sibling	identity.commerce.upc	1.0	multi-branch-sibling	1	1	0	UNCHANGED
new_identity	vin	vin	identity.government.vin	identity.government.vin	1.0	multi-branch-sibling	identity.government.vin	1.0	multi-branch-sibling	1	1	0	UNCHANGED
new_representation	cas_number	cas number	representation.scientific.cas_number	representation.scientific.cas_number	1.0	multi-branch-sibling	representation.scientific.cas_number	1.0	multi-branch-sibling	1	1	0	UNCHANGED
new_representation	color_hsl	color hsl	representation.format.color_hsl	representation.format.color_hsl	1.0	multi-branch-sibling	representation.format.color_hsl	1.0	multi-branch-sibling	1	1	0	UNCHANGED
new_representation	inchi	inchi	representation.scientific.inchi	datetime.date.dmy_short_slash	0.1823	multi-branch-sibling	datetime.date.dmy_short_slash	0.1823	multi-branch-sibling	0	0	0	UNCHANGED
new_representation	smiles	smiles	representation.scientific.smiles	representation.text.emoji	0.2196	multi-branch-sibling	representation.text.emoji	0.2196	multi-branch-sibling	0	0	0	UNCHANGED
new_technology	aws_arn	aws arn	technology.cloud.aws_arn	technology.cloud.aws_arn	1.0	multi-branch-sibling	technology.cloud.aws_arn	1.0	multi-branch-sibling	1	1	0	UNCHANGED
new_technology	cidr	cidr	technology.internet.cidr	technology.internet.cidr	1.0	multi-branch-sibling	technology.internet.cidr	1.0	multi-branch-sibling	1	1	0	UNCHANGED
new_technology	data_uri	data uri	technology.internet.data_uri	technology.internet.data_uri	1.0	multi-branch-sibling	technology.internet.data_uri	1.0	multi-branch-sibling	1	1	0	UNCHANGED
new_technology	docker_ref	docker ref	technology.development.docker_ref	technology.development.docker_ref	1.0	multi-branch-sibling	technology.development.docker_ref	1.0	multi-branch-sibling	1	1	0	UNCHANGED
new_technology	git_sha	git sha	technology.cryptographic.hash	technology.cryptographic.hash	0.984	multi-branch-sibling	technology.cryptographic.hash	0.984	multi-branch-sibling	1	1	0	UNCHANGED
new_technology	jwt	jwt	technology.cryptographic.jwt	technology.cryptographic.jwt	1.0	multi-branch-sibling	technology.cryptographic.jwt	1.0	multi-branch-sibling	1	1	0	UNCHANGED
new_technology	s3_uri	s3 uri	technology.cloud.s3_uri	technology.cloud.s3_uri	1.0	multi-branch-sibling	technology.cloud.s3_uri	1.0	multi-branch-sibling	1	1	0	UNCHANGED
new_technology	snowflake_id	snowflake id	technology.identifier.snowflake_id	technology.identifier.snowflake_id	1.0	multi-branch-sibling	technology.identifier.snowflake_id	1.0	multi-branch-sibling	1	1	0	UNCHANGED
new_technology	tsid	tsid	technology.identifier.tsid	technology.identifier.tsid	1.0	multi-branch-sibling	technology.identifier.tsid	1.0	multi-branch-sibling	1	1	0	UNCHANGED
new_technology	ulid	ulid	technology.identifier.ulid	technology.identifier.ulid	1.0	multi-branch-sibling	technology.identifier.ulid	1.0	multi-branch-sibling	1	1	0	UNCHANGED
new_technology	urn	urn	technology.internet.urn	technology.internet.urn	1.0	multi-branch-sibling	technology.internet.urn	1.0	multi-branch-sibling	1	1	0	UNCHANGED
people_directory	age	number	representation.numeric.integer_number	representation.numeric.integer_number	0.9816	multi-branch-sibling	representation.numeric.integer_number	0.9816	header_hint:age	1	1	0	UNCHANGED
people_directory	company	entity name	representation.text.entity_name	representation.text.entity_name	0.9822	multi-branch-sibling	representation.text.entity_name	1.0	multi-branch-sibling	1	1	0	UNCHANGED
people_directory	date_of_birth	iso date	datetime.date.iso	datetime.date.iso	1.0	multi-branch-sibling	datetime.date.iso	1.0	multi-branch-sibling	1	1	0	UNCHANGED
people_directory	email	email	identity.person.email	identity.person.email	1.0	multi-branch-sibling	identity.person.email	1.0	multi-branch-sibling	1	1	0	UNCHANGED
people_directory	first_name	first name	identity.person.first_name	identity.person.first_name	1.0	multi-branch-sibling	identity.person.first_name	1.0	header_hint_cross_domain:first_name	1	1	0	UNCHANGED
people_directory	full_name	name	identity.person.full_name	identity.person.full_name	0.9916	multi-branch-sibling	identity.person.full_name	1.0	multi-branch-sibling	1	1	0	UNCHANGED
people_directory	gender	gender	identity.person.gender	identity.person.gender	1.0	multi-branch-sibling	identity.person.gender	1.0	gender_detection	1	1	0	UNCHANGED
people_directory	last_name	last name	identity.person.last_name	identity.person.last_name	0.8592	multi-branch-sibling	identity.person.last_name	0.9592	multi-branch-sibling	1	1	0	UNCHANGED
people_directory	ssn	ssn	identity.government.ssn	identity.government.ssn	1.0	multi-branch-sibling	identity.government.ssn	1.0	multi-branch-sibling	1	1	0	UNCHANGED
representation_coverage	decimal_number_comma	decimal number comma	representation.numeric.decimal_number_comma	representation.numeric.decimal_number_comma	0.9892	multi-branch-sibling	representation.numeric.decimal_number_comma	0.9892	multi-branch-sibling	1	1	0	UNCHANGED
representation_coverage	file_size	file size	representation.file.file_size	representation.file.file_size	1.0	multi-branch-sibling	representation.file.file_size	1.0	multi-branch-sibling	1	1	0	UNCHANGED
representation_coverage	integer_number	integer number	representation.numeric.integer_number	representation.numeric.integer_number	0.9986	multi-branch-sibling	representation.numeric.integer_number	0.9986	multi-branch-sibling	1	1	0	UNCHANGED
representation_coverage	scientific_notation	scientific notation	representation.numeric.scientific_notation	representation.numeric.scientific_notation	0.9997	multi-branch-sibling	representation.numeric.scientific_notation	0.9997	multi-branch-sibling	1	1	0	UNCHANGED
scientific_measurements	experiment_id	id	representation.identifier.increment	representation.identifier.alphanumeric_id	0.8687	multi-branch-sibling	representation.identifier.alphanumeric_id	0.8687	multi-branch-sibling	1	1	0	UNCHANGED
scientific_measurements	formula	code	representation.identifier.alphanumeric_id	representation.scientific.smiles	0.9887	multi-branch-sibling	representation.scientific.smiles	0.9887	multi-branch-sibling	0	0	0	UNCHANGED
scientific_measurements	latitude	latitude	geography.coordinate.latitude	geography.coordinate.latitude	1.0	multi-branch-sibling	geography.coordinate.latitude	1.0	coordinate_disambiguation	1	1	0	UNCHANGED
scientific_measurements	longitude	longitude	geography.coordinate.longitude	geography.coordinate.longitude	0.9955	multi-branch-sibling	geography.coordinate.longitude	1.0	coordinate_disambiguation	1	1	0	UNCHANGED
scientific_measurements	measurement_unit	measurement unit	representation.scientific.measurement_unit	representation.scientific.measurement_unit	0.8281	multi-branch-sibling	representation.scientific.measurement_unit	0.8281	multi-branch-sibling	1	1	0	UNCHANGED
scientific_measurements	percentage	percentage	representation.numeric.percentage	representation.numeric.percentage	1.0	multi-branch-sibling	representation.numeric.percentage	1.0	multi-branch-sibling	1	1	0	UNCHANGED
scientific_measurements	ph_value	decimal number	representation.numeric.decimal_number	representation.numeric.decimal_number	0.9999	multi-branch-sibling	representation.numeric.decimal_number	0.9999	multi-branch-sibling	1	1	0	UNCHANGED
scientific_measurements	pressure_atm	decimal number	representation.numeric.decimal_number	representation.numeric.decimal_number	0.8768	multi-branch-sibling	representation.numeric.decimal_number	0.9768	multi-branch-sibling	1	1	0	UNCHANGED
scientific_measurements	temperature_celsius	decimal number	representation.numeric.decimal_number	representation.numeric.decimal_number	1.0	multi-branch-sibling	representation.numeric.decimal_number	1.0	multi-branch-sibling	1	1	0	UNCHANGED
scientific_measurements	timestamp	timestamp	datetime.timestamp.iso_8601	datetime.timestamp.iso_8601	1.0	multi-branch-sibling	datetime.timestamp.iso_8601	1.0	multi-branch-sibling	1	1	0	UNCHANGED
scientific_measurements	value	decimal number	representation.numeric.decimal_number	representation.numeric.decimal_number	0.9999	multi-branch-sibling	representation.numeric.decimal_number	0.9999	multi-branch-sibling	1	1	0	UNCHANGED
server_logs_json	bytes_sent	number	representation.numeric.integer_number	representation.numeric.integer_number	0.9229	multi-branch-sibling	representation.numeric.integer_number	1.0	multi-branch-sibling	1	1	0	UNCHANGED
server_logs_json	client_ip	ip_v4	technology.internet.ip_v4	technology.internet.ip_v4	1.0	multi-branch-sibling	technology.internet.ip_v4	1.0	ipv4_detection	1	1	0	UNCHANGED
server_logs_json	method	http method	technology.internet.http_method	technology.internet.http_method	0.9963	multi-branch-sibling	technology.internet.http_method	0.9963	multi-branch-sibling	1	1	0	UNCHANGED
server_logs_json	path	route		representation.file.mime_type	0.5018	multi-branch-sibling	representation.file.mime_type	0.5018	multi-branch-sibling	0	0	0	UNCHANGED
server_logs_json	request_url	url	technology.internet.url	technology.internet.url	1.0	multi-branch-sibling	technology.internet.url	1.0	multi-branch-sibling	1	1	0	UNCHANGED
server_logs_json	response_time_ms	decimal number	representation.numeric.decimal_number	representation.numeric.decimal_number	0.9999	multi-branch-sibling	representation.numeric.decimal_number	0.9999	multi-branch-sibling	1	1	0	UNCHANGED
server_logs_json	status_code	http status code	representation.numeric.integer_number	representation.numeric.integer_number	0.8746	multi-branch-sibling	representation.numeric.integer_number	0.8746	multi-branch-sibling	1	1	0	UNCHANGED
server_logs_json	timestamp	iso timestamp milliseconds	datetime.timestamp.iso_8601_milliseconds	datetime.timestamp.iso_8601_milliseconds	0.9997	multi-branch-sibling	datetime.timestamp.iso_8601_milliseconds	0.9997	multi-branch-sibling	1	1	0	UNCHANGED
server_logs_json	user_agent	user agent	technology.internet.user_agent	technology.internet.user_agent	1.0	multi-branch-sibling	technology.internet.user_agent	1.0	multi-branch-sibling	1	1	0	UNCHANGED
sports_events	country	country	geography.location.country	geography.location.country	0.9999	multi-branch-sibling	geography.location.country	1.0	multi-branch-sibling	1	1	0	UNCHANGED
sports_events	event_date	iso date	datetime.date.iso	datetime.date.iso	1.0	multi-branch-sibling	datetime.date.iso	1.0	multi-branch-sibling	1	1	0	UNCHANGED
sports_events	event_id	code	representation.identifier.alphanumeric_id	representation.identifier.alphanumeric_id	0.462	multi-branch-sibling	representation.identifier.alphanumeric_id	0.462	multi-branch-sibling	1	1	0	UNCHANGED
sports_events	is_broadcast	boolean	representation.boolean.binary	representation.boolean.terms	1.0	multi-branch-sibling	representation.boolean.terms	1.0	boolean_subtype_terms	1	1	0	UNCHANGED
sports_events	start_time	time 24h	datetime.time.hm_24h	datetime.time.hm_24h	1.0	multi-branch-sibling	datetime.time.hm_24h	1.0	multi-branch-sibling	1	1	0	UNCHANGED
sports_events	status	status	representation.discrete.categorical	datetime.component.periodicity	1.0	multi-branch-sibling	datetime.component.periodicity	1.0	multi-branch-sibling	0	0	0	UNCHANGED
sports_events	viewer_rating	percentage	representation.numeric.percentage	representation.numeric.percentage	1.0	multi-branch-sibling	representation.numeric.percentage	1.0	multi-branch-sibling	1	1	0	UNCHANGED
tech_systems	api_key	code	representation.identifier.alphanumeric_id	technology.cryptographic.token_urlsafe	1.0	multi-branch-sibling	technology.cryptographic.token_urlsafe	1.0	multi-branch-sibling	0	0	0	UNCHANGED
tech_systems	ip_address	ip_v4	technology.internet.ip_v4	technology.internet.ip_v4	1.0	multi-branch-sibling	technology.internet.ip_v4	1.0	ipv4_detection	1	1	0	UNCHANGED
tech_systems	log_timestamp	timestamp	datetime.timestamp.iso_8601	datetime.timestamp.iso_8601	1.0	multi-branch-sibling	datetime.timestamp.iso_8601	1.0	multi-branch-sibling	1	1	0	UNCHANGED
tech_systems	mac_address	mac address	technology.internet.mac_address	technology.internet.mac_address	1.0	multi-branch-sibling	technology.internet.mac_address	1.0	multi-branch-sibling	1	1	0	UNCHANGED
tech_systems	port	port	representation.numeric.integer_number	representation.numeric.integer_number	0.7612	multi-branch-sibling	representation.numeric.integer_number	0.7612	multi-branch-sibling	1	1	0	UNCHANGED
tech_systems	request_url	url	technology.internet.url	technology.internet.url	1.0	multi-branch-sibling	technology.internet.url	1.0	multi-branch-sibling	1	1	0	UNCHANGED
tech_systems	server_hostname	hostname	technology.internet.hostname	technology.internet.hostname	0.3696	multi-branch-sibling	technology.internet.hostname	0.3696	multi-branch-sibling	1	1	0	UNCHANGED
tech_systems	user_agent	user agent	technology.internet.user_agent	technology.cryptographic.jwt	0.9998	multi-branch-sibling	technology.cryptographic.jwt	0.9998	multi-branch-sibling	0	0	0	UNCHANGED
tech_systems	uuid	uuid	representation.identifier.uuid	representation.identifier.uuid	1.0	multi-branch-sibling	representation.identifier.uuid	1.0	multi-branch-sibling	1	1	0	UNCHANGED
tech_systems	version	version	technology.development.version	datetime.date.dmy_short_dot	0.9756	multi-branch-sibling	datetime.date.dmy_short_dot	0.9756	multi-branch-sibling	0	0	0	UNCHANGED
technology_coverage	calver	calver	technology.development.calver	technology.development.calver	0.9978	multi-branch-sibling	technology.development.calver	0.9978	multi-branch-sibling	1	1	0	UNCHANGED
technology_coverage	ip_v4_with_port	ip_v4 with port	technology.internet.ip_v4_with_port	technology.internet.ip_v4_with_port	1.0	multi-branch-sibling	technology.internet.ip_v4_with_port	1.0	multi-branch-sibling	1	1	0	UNCHANGED
technology_coverage	ip_v6	ip_v6	technology.internet.ip_v6	technology.internet.ip_v6	0.3794	multi-branch-sibling	technology.internet.ip_v6	0.4794	multi-branch-sibling	1	1	0	UNCHANGED
technology_coverage	username	username	identity.person.username	identity.person.username	0.9993	multi-branch-sibling	identity.person.username	0.9993	multi-branch-sibling	1	1	0	UNCHANGED
titanic	Name	name	identity.person.full_name	identity.person.full_name	0.9978	multi-branch-sibling	identity.person.full_name	0.9978	multi-branch-sibling	1	1	0	UNCHANGED
titanic	Sex	gender	identity.person.gender	identity.person.gender	1.0	multi-branch-sibling	identity.person.gender	1.0	gender_detection	1	1	0	UNCHANGED
titanic	SibSp	number	representation.numeric.integer_number	representation.numeric.integer_number	0.9978	multi-branch-sibling	representation.numeric.integer_number	1.0	multi-branch-sibling	1	1	0	UNCHANGED
titanic	Survived	boolean	representation.boolean.binary	representation.boolean.binary	1.0	multi-branch-sibling	representation.boolean.binary	1.0	boolean_subtype_binary	1	1	0	UNCHANGED
us_states	Abbreviation	code	representation.identifier.alphanumeric_id	geography.location.state_code	0.9959	multi-branch-sibling	geography.location.state_code	0.9959	multi-branch-sibling	0	0	0	UNCHANGED
weather_stations_json	humidity_pct	decimal number	representation.numeric.decimal_number	representation.numeric.decimal_number	0.9999	multi-branch-sibling	representation.numeric.decimal_number	0.9999	multi-branch-sibling	1	1	0	UNCHANGED
weather_stations_json	location.city	city	geography.location.city	geography.location.city	0.9979	multi-branch-sibling	geography.location.city	1.0	multi-branch-sibling	1	1	0	UNCHANGED
weather_stations_json	location.country	country code	geography.location.country_code	geography.location.country_code	1.0	multi-branch-sibling	geography.location.country_code	1.0	country_code_post_hint_guard:alpha2_rate=1.00	1	1	0	UNCHANGED
weather_stations_json	location.latitude	latitude	geography.coordinate.latitude	geography.coordinate.latitude	0.9991	multi-branch-sibling	geography.coordinate.latitude	1.0	coordinate_disambiguation	1	1	0	UNCHANGED
weather_stations_json	location.longitude	longitude	geography.coordinate.longitude	geography.coordinate.longitude	0.9691	multi-branch-sibling	geography.coordinate.longitude	1.0	coordinate_disambiguation	1	1	0	UNCHANGED
weather_stations_json	observation_date	iso date	datetime.date.iso	datetime.date.iso	1.0	multi-branch-sibling	datetime.date.iso	1.0	multi-branch-sibling	1	1	0	UNCHANGED
weather_stations_json	precipitation_mm	decimal number	representation.numeric.decimal_number	representation.numeric.decimal_number	0.9999	multi-branch-sibling	representation.numeric.decimal_number	0.9999	multi-branch-sibling	1	1	0	UNCHANGED
weather_stations_json	temperature_c	decimal number	representation.numeric.decimal_number	representation.numeric.decimal_number	1.0	multi-branch-sibling	representation.numeric.decimal_number	1.0	multi-branch-sibling	1	1	0	UNCHANGED
weather_stations_json	wind_speed_kmh	decimal number	representation.numeric.decimal_number	representation.numeric.decimal_number	0.9999	multi-branch-sibling	representation.numeric.decimal_number	0.9999	multi-branch-sibling	1	1	0	UNCHANGED
world_cities	country	country	geography.location.country	geography.location.country	1.0	multi-branch-sibling	geography.location.country	1.0	multi-branch-sibling	1	1	0	UNCHANGED
world_cities	name	city	geography.location.city	geography.location.city	0.9598	multi-branch-sibling	geography.location.city	0.9598	multi-branch-sibling	1	1	0	UNCHANGED
world_cities	subcountry	region	geography.location.region	geography.location.region	0.9997	multi-branch-sibling	geography.location.region	0.9997	multi-branch-sibling	1	1	0	UNCHANGED
coverage_closure_phase_ab	epoch_nanoseconds	datetime.timestamp.epoch_nanoseconds	datetime.timestamp.epoch_nanoseconds	datetime.timestamp.epoch_nanoseconds	0.9468	multi-branch-sibling	datetime.epoch.unix_seconds	0.5	header_hint_hardcoded:epoch_nanoseconds	1	0	1	HURT
coverage_closure_phase_ab	ethereum_address	finance.crypto.ethereum_address	finance.crypto.ethereum_address	finance.crypto.ethereum_address	0.9999	multi-branch-sibling	geography.address.full_address	0.9999	header_hint_cross_domain:ethereum_address	1	0	1	HURT
coverage_closure_phase_ab	street_name	geography.address.street_name	geography.address.street_name	geography.address.street_name	0.9848	multi-branch-sibling	identity.person.full_name	0.9848	header_hint_cross_domain:street_name	1	0	1	HURT
coverage_closure_phase_ab	unix_microseconds	datetime.epoch.unix_microseconds	datetime.epoch.unix_microseconds	datetime.epoch.unix_microseconds	0.9965	multi-branch-sibling	datetime.epoch.unix_seconds	0.9965	header_hint_same_category:unix_microseconds	1	0	1	HURT
geography_data	street_number	number	representation.numeric.integer_number	representation.identifier.increment	0.9781	multi-branch-sibling	geography.address.street_address	0.9781	header_hint_cross_domain:street_number	1	0	1	HURT
titanic	Cabin	code	representation.identifier.alphanumeric_id	identity.medical.icd10	0.9826	multi-branch-sibling	representation.alphanumeric.alphanumeric_id	0.9826	header_hint_cross_domain:cabin	1	0	1	HURT
us_states	State	state	geography.location.region	geography.location.region	0.9999	multi-branch-sibling	geography.location.state	0.9999	header_hint_geo_override:state	1	0	1	HURT
airports	altitude	number	representation.numeric.integer_number	representation.identifier.numeric_code	0.9827	multi-branch-sibling	representation.numeric.integer_number	1.0	feature_no_leading_zero:0.00	0	1	1	HELPED
airports	icao	icao	geography.transportation.icao_code	finance.banking.swift_bic	0.9615	multi-branch-sibling	geography.transportation.icao_code	0.9615	header_hint_cross_domain:icao	0	1	1	HELPED
airports	longitude	longitude	geography.coordinate.longitude	geography.coordinate.latitude	0.5415	multi-branch-sibling	geography.coordinate.longitude	0.6415	coordinate_disambiguation	0	1	1	HELPED
airports	timezone	time zone	datetime.offset.iana	geography.location.region	0.9378	multi-branch-sibling	datetime.offset.iana	0.9378	header_hint_cross_domain:timezone	0	1	1	HELPED
airports	utc_offset	utc offset	datetime.offset.utc	representation.numeric.scientific_notation	0.5101	multi-branch-sibling	datetime.offset.utc	0.5101	header_hint_cross_domain:utc_offset	0	1	1	HELPED
api_users_json	address.postal_code	postal code	geography.address.postal_code	identity.medical.cpt	0.7138	multi-branch-sibling	geography.address.postal_code	0.7138	header_hint_cross_domain:postal_code	0	1	1	HELPED
books_catalog	language	language	technology.code.locale_code	representation.text.word	0.9042	multi-branch-sibling	representation.discrete.categorical	0.5	header_hint_generic:language	0	1	1	HELPED
books_catalog	pages	number	representation.numeric.integer_number	representation.identifier.numeric_code	0.7471	multi-branch-sibling	representation.numeric.integer_number	0.8471	feature_no_leading_zero:0.00	0	1	1	HELPED
books_catalog	url	url	technology.internet.url	finance.crypto.ethereum_address	0.465	multi-branch-sibling	technology.internet.url	0.5	header_hint_cross_domain:url	0	1	1	HELPED
codes_and_ids	semantic_version	version	technology.development.version	datetime.date.dmy_short_dot	0.9999	multi-branch-sibling	technology.development.version	0.9999	version_dmy_short_dot_gate:invalid_date=0.71	0	1	1	HELPED
countries	alpha-2	country code	geography.location.country_code	geography.location.state_code	0.5263	multi-branch-sibling	geography.location.country_code	0.5	header_hint_hardcoded:alpha-2	0	1	1	HELPED
countries	alpha-3	country code	geography.location.country_code	geography.transportation.iata_code	0.9548	multi-branch-sibling	geography.location.country_code	0.5	header_hint_generic:alpha-3	0	1	1	HELPED
coverage_closure_phase_ab	amount_accounting	finance.currency.amount_accounting	finance.currency.amount_accounting	finance.currency.amount_comma	0.6133	multi-branch-sibling	finance.currency.amount_accounting	0.5	header_hint_hardcoded:amount_accounting	0	1	1	HELPED
coverage_closure_phase_ab	amount_apostrophe	finance.currency.amount_apostrophe	finance.currency.amount_apostrophe	finance.currency.amount	0.3226	multi-branch-sibling	finance.currency.amount_apostrophe	0.5	header_hint_hardcoded:amount_apostrophe	0	1	1	HELPED
coverage_closure_phase_ab	amount_comma_suffix	finance.currency.amount_comma_suffix	finance.currency.amount_comma_suffix	representation.numeric.decimal_number_comma	0.9188	multi-branch-sibling	finance.currency.amount_comma_suffix	0.9188	header_hint_cross_domain:amount_comma_suffix	0	1	1	HELPED
coverage_closure_phase_ab	amount_crypto	finance.currency.amount_crypto	finance.currency.amount_crypto	representation.file.file_size	0.4514	multi-branch-sibling	finance.currency.amount_crypto	0.5	header_hint_cross_domain:amount_crypto	0	1	1	HELPED
coverage_closure_phase_ab	amount_lakh	finance.currency.amount_lakh	finance.currency.amount_lakh	geography.coordinate.coordinates	0.2601	multi-branch-sibling	finance.currency.amount_lakh	0.5	header_hint_cross_domain:amount_lakh	0	1	1	HELPED
coverage_closure_phase_ab	amount_multisym	finance.currency.amount_multisym	finance.currency.amount_multisym	finance.currency.currency_code	0.6569	multi-branch-sibling	finance.currency.amount_multisym	0.5	header_hint_hardcoded:amount_multisym	0	1	1	HELPED
coverage_closure_phase_ab	amount_neg_trailing	finance.currency.amount_neg_trailing	finance.currency.amount_neg_trailing	representation.numeric.si_number	0.6639	multi-branch-sibling	finance.currency.amount_neg_trailing	0.6639	header_hint_cross_domain:amount_neg_trailing	0	1	1	HELPED
coverage_closure_phase_ab	amount_nodecimal	finance.currency.amount_nodecimal	finance.currency.amount_nodecimal	finance.currency.amount	0.5754	multi-branch-sibling	finance.currency.amount_nodecimal	0.5	header_hint_hardcoded:amount_nodecimal	0	1	1	HELPED
coverage_closure_phase_ab	amount_space	finance.currency.amount_space	finance.currency.amount_space	representation.numeric.si_number	0.8477	multi-branch-sibling	finance.currency.amount_space	0.8477	header_hint_cross_domain:amount_space	0	1	1	HELPED
coverage_closure_phase_ab	initials	representation.boolean.initials	representation.boolean.initials	identity.person.gender_code	0.4903	multi-branch-sibling	representation.boolean.initials	0.4903	boolean_subtype_initials	0	1	1	HELPED
covid_timeseries	Confirmed	number	representation.numeric.integer_number	representation.identifier.numeric_code	0.9999	multi-branch-sibling	representation.numeric.integer_number	0.9999	feature_no_leading_zero:0.00	0	1	1	HELPED
covid_timeseries	Deaths	number	representation.numeric.integer_number	representation.identifier.numeric_code	1.0	multi-branch-sibling	representation.numeric.integer_number	1.0	feature_no_leading_zero:0.00	0	1	1	HELPED
datetime_coverage	rfc_3339	rfc 3339	datetime.timestamp.rfc_3339	datetime.timestamp.iso_space_zulu	0.9969	multi-branch-sibling	datetime.timestamp.rfc_3339	0.9969	header_hint_same_category:rfc_3339	0	1	1	HELPED
datetime_formats	year	year	datetime.component.year	datetime.date.compact_ym	0.9996	multi-branch-sibling	datetime.component.year	1.0	year_compact_ym_gate:four_digit=1.00,year_range=1.00	0	1	1	HELPED
earthquakes_2024	depth	decimal number	representation.numeric.decimal_number	geography.coordinate.longitude	0.8616	multi-branch-sibling	representation.numeric.decimal_number	0.8616	coordinate_plausibility_gate:out_of_range=12/100	0	1	1	HELPED
earthquakes_2024	magNst	number	representation.numeric.integer_number	representation.identifier.numeric_code	0.9469	multi-branch-sibling	representation.numeric.integer_number	0.9469	feature_no_leading_zero:0.00	0	1	1	HELPED
earthquakes_2024	nst	number	representation.numeric.integer_number	representation.identifier.numeric_code	0.9999	multi-branch-sibling	representation.numeric.integer_number	0.9999	feature_no_leading_zero:0.00	0	1	1	HELPED
ecommerce_orders	phone	telephone	identity.person.phone_number	representation.scientific.cas_number	0.9252	multi-branch-sibling	identity.person.phone_number	0.9252	header_hint_cross_domain:phone	0	1	1	HELPED
ecommerce_orders	shipping_postal_code	postal code	geography.address.postal_code	representation.identifier.increment	1.0	multi-branch-sibling	geography.address.postal_code	1.0	numeric_postal_code_detection	0	1	1	HELPED
finance_coverage	isin	isin	finance.securities.isin	identity.commerce.isrc	1.0	multi-branch-sibling	finance.securities.isin	1.0	isin_format_gate:match_rate=0.88	0	1	1	HELPED
financial_data	exchange	category	representation.discrete.categorical	geography.transportation.icao_code	0.6267	multi-branch-sibling	representation.discrete.categorical	0.5	header_hint_generic:exchange	0	1	1	HELPED
geography_data	elevation_m	number	representation.numeric.integer_number	representation.identifier.numeric_code	0.9994	multi-branch-sibling	representation.numeric.integer_number	0.9994	feature_no_leading_zero:0.00	0	1	1	HELPED
geography_data	longitude	longitude	geography.coordinate.longitude	geography.coordinate.latitude	0.9997	multi-branch-sibling	geography.coordinate.longitude	1.0	coordinate_disambiguation	0	1	1	HELPED
iris	species	category	representation.discrete.categorical	representation.text.entity_name	0.8464	multi-branch-sibling	representation.discrete.categorical	0.5	header_hint_generic:species	0	1	1	HELPED
medical_records	gender	gender	identity.person.gender	identity.person.gender_code	0.5487	multi-branch-sibling	identity.person.gender	0.6487	gender_detection	0	1	1	HELPED
medical_records	height_in	height	identity.person.height	representation.numeric.integer_number	0.9999	multi-branch-sibling	identity.person.height	0.9999	header_hint_cross_domain:height_in	0	1	1	HELPED
medical_records	weight_lbs	weight	identity.person.weight	representation.numeric.decimal_number	1.0	multi-branch-sibling	identity.person.weight	1.0	header_hint_cross_domain:weight_lbs	0	1	1	HELPED
multilingual	address	address	geography.address.full_address	geography.address.street_name	0.4898	multi-branch-sibling	geography.address.full_address	0.5	header_hint_cross_domain:address	0	1	1	HELPED
multilingual	postal_code	postal code	geography.address.postal_code	identity.commerce.issn	0.4525	multi-branch-sibling	geography.address.postal_code	0.5	header_hint_cross_domain:postal_code	0	1	1	HELPED
multilingual	price	price	finance.currency.amount	finance.currency.amount_nodecimal	0.8283	multi-branch-sibling	finance.currency.amount	0.5	header_hint_hardcoded:price	0	1	1	HELPED
network_logs	response_time_ms	number	representation.numeric.integer_number	representation.identifier.numeric_code	1.0	multi-branch-sibling	representation.numeric.integer_number	1.0	feature_no_leading_zero:0.00	0	1	1	HELPED
network_logs	status_code	http status code	representation.numeric.integer_number	representation.identifier.numeric_code	0.5521	multi-branch-sibling	representation.numeric.integer_number	0.7	feature_no_leading_zero:0.00	0	1	1	HELPED
network_logs	url_path	code	representation.identifier.alphanumeric_id	representation.file.mime_type	0.9243	multi-branch-sibling	technology.internet.url	0.9243	header_hint_cross_domain:url_path	0	1	1	HELPED
people_directory	height_cm	height	identity.person.height	representation.numeric.decimal_number	0.5551	multi-branch-sibling	identity.person.height	0.5551	header_hint_cross_domain:height_cm	0	1	1	HELPED
people_directory	job_title	occupation	representation.discrete.categorical	identity.person.last_name	0.5856	multi-branch-sibling	representation.discrete.categorical	0.5856	header_hint_cross_domain:job_title	0	1	1	HELPED
people_directory	phone	telephone	identity.person.phone_number	representation.scientific.cas_number	0.9947	multi-branch-sibling	identity.person.phone_number	0.9947	header_hint_cross_domain:phone	0	1	1	HELPED
people_directory	weight_kg	weight	identity.person.weight	representation.numeric.decimal_number	0.9996	multi-branch-sibling	identity.person.weight	0.9996	header_hint_cross_domain:weight_kg	0	1	1	HELPED
sports_events	duration_minutes	number	representation.numeric.integer_number	representation.boolean.binary	0.5351	multi-branch-sibling	representation.numeric.integer_number	0.6351	boolean_override_integer_spread	0	1	1	HELPED
sports_events	sport	category	representation.discrete.categorical	geography.location.country	0.5535	multi-branch-sibling	representation.discrete.categorical	0.5535	header_hint_cross_domain:sport	0	1	1	HELPED
sports_events	venue	entity name	representation.text.entity_name	geography.location.city	0.9086	multi-branch-sibling	representation.text.entity_name	0.9086	header_hint_cross_domain:venue	0	1	1	HELPED
tech_systems	language	language	technology.code.locale_code	representation.text.word	0.9045	multi-branch-sibling	representation.discrete.categorical	0.5	header_hint_generic:language	0	1	1	HELPED
titanic	Age	number	representation.numeric.integer_number	representation.identifier.numeric_code	0.9017	multi-branch-sibling	representation.numeric.integer_number	1.0	feature_no_leading_zero:0.00	0	1	1	HELPED
titanic	Embarked	category	representation.discrete.categorical	geography.address.street_suffix	0.9958	multi-branch-sibling	representation.discrete.categorical	0.9958	header_hint_cross_domain:embarked	0	1	1	HELPED
titanic	Fare	price	finance.currency.amount	geography.coordinate.latitude	0.6492	multi-branch-sibling	finance.currency.amount	0.6492	header_hint_cross_domain:fare	0	1	1	HELPED
titanic	Parch	number	representation.numeric.integer_number	representation.boolean.binary	0.9989	multi-branch-sibling	representation.numeric.integer_number	1.0	boolean_override_integer_spread	0	1	1	HELPED
titanic	Pclass	class	representation.discrete.categorical	representation.identifier.numeric_code	0.9981	multi-branch-sibling	representation.discrete.ordinal	0.5	header_hint_generic:pclass	0	1	1	HELPED
weather_stations_json	station_name	entity name	representation.text.entity_name	geography.location.city	0.6889	multi-branch-sibling	representation.text.entity_name	0.6889	header_hint_cross_domain:station_name	0	1	1	HELPED
airports	id	id	representation.identifier.increment	representation.identifier.numeric_code	1.0	multi-branch-sibling	representation.numeric.integer_number	1.0	feature_no_leading_zero:0.00	1	1	1	CHANGED_BOTH_WRONG
books_catalog	price_usd	price	finance.currency.amount	representation.numeric.decimal_number	0.9999	multi-branch-sibling	finance.currency.amount	0.9999	header_hint_cross_domain:price_usd	1	1	1	CHANGED_BOTH_WRONG
books_catalog	rating	rating	representation.discrete.ordinal	representation.numeric.decimal_number	0.9997	multi-branch-sibling	representation.discrete.ordinal	0.5	header_hint_generic:rating	1	1	1	CHANGED_BOTH_WRONG
countries	country-code	code	representation.identifier.alphanumeric_id	representation.identifier.numeric_code	0.993	multi-branch-sibling	geography.location.country_code	0.993	header_hint_cross_domain:country-code	1	1	1	CHANGED_BOTH_WRONG
coverage_closure_phase_ab	password	identity.person.password	identity.person.password	representation.identifier.alphanumeric_id	0.4871	multi-branch-sibling	identity.credential.password	0.5	header_hint_cross_domain:password	0	0	1	CHANGED_BOTH_WRONG
coverage_closure_phase_ab	street_suffix	geography.address.street_suffix	geography.address.street_suffix	geography.address.street_name	0.8505	multi-branch-sibling	geography.address.street_address	0.8505	header_hint_cross_domain:street_suffix	0	0	1	CHANGED_BOTH_WRONG
datetime_formats	eu_date	dmy slash	datetime.date.dmy_slash	datetime.date.mdy_slash	0.7433	multi-branch-sibling	datetime.date.dmy_slash	0.7433	date_slash_disambiguation	1	1	1	CHANGED_BOTH_WRONG
ecommerce_orders	credit_card_last4	code	representation.identifier.alphanumeric_id	representation.identifier.increment	0.9464	multi-branch-sibling	geography.address.postal_code	0.9464	numeric_postal_code_detection	0	0	1	CHANGED_BOTH_WRONG
ecommerce_orders	total_price	price	finance.currency.amount	representation.numeric.decimal_number	0.9954	multi-branch-sibling	finance.currency.amount	0.9954	header_hint_cross_domain:total_price	1	1	1	CHANGED_BOTH_WRONG
ecommerce_orders_json	unit_price	price	finance.currency.amount	representation.numeric.decimal_number	0.9999	multi-branch-sibling	finance.currency.amount	0.9999	header_hint_cross_domain:unit_price	1	1	1	CHANGED_BOTH_WRONG
financial_data	close_price	price	finance.currency.amount	representation.numeric.decimal_number	1.0	multi-branch-sibling	finance.currency.amount	1.0	header_hint_cross_domain:close_price	1	1	1	CHANGED_BOTH_WRONG
financial_data	high_price	price	finance.currency.amount	representation.numeric.decimal_number	1.0	multi-branch-sibling	finance.currency.amount	1.0	header_hint_cross_domain:high_price	1	1	1	CHANGED_BOTH_WRONG
financial_data	low_price	price	finance.currency.amount	representation.numeric.decimal_number	1.0	multi-branch-sibling	finance.currency.amount	1.0	header_hint_cross_domain:low_price	1	1	1	CHANGED_BOTH_WRONG
financial_data	open_price	price	finance.currency.amount	representation.numeric.decimal_number	0.9999	multi-branch-sibling	finance.currency.amount	0.9999	header_hint_cross_domain:open_price	1	1	1	CHANGED_BOTH_WRONG
financial_data	volume	number	representation.numeric.integer_number	identity.commerce.upc	0.8987	multi-branch-sibling	identity.commerce.ean	0.8987	upc_digit_count_gate:ean_rate=0.91	0	0	1	CHANGED_BOTH_WRONG
multilingual	date	date	datetime.date.iso	datetime.date.mdy_slash	0.697	multi-branch-sibling	datetime.date.dmy_slash	0.697	date_slash_disambiguation	1	1	1	CHANGED_BOTH_WRONG
network_logs	payload_size_bytes	number	representation.numeric.integer_number	representation.identifier.increment	0.9965	multi-branch-sibling	representation.numeric.integer_number	0.5	header_hint_generic:payload_size_bytes	1	1	1	CHANGED_BOTH_WRONG
people_directory	salary	number	representation.numeric.integer_number	representation.identifier.numeric_code	0.9997	multi-branch-sibling	finance.currency.amount	0.9997	header_hint_cross_domain:salary	0	0	1	CHANGED_BOTH_WRONG
sports_events	attendance	number	representation.numeric.integer_number	representation.identifier.increment	1.0	multi-branch-sibling	representation.numeric.integer_number	0.5	header_hint_generic:attendance	1	1	1	CHANGED_BOTH_WRONG
sports_events	ticket_price	price	finance.currency.amount	representation.numeric.decimal_number	0.9762	multi-branch-sibling	finance.currency.amount	0.9762	header_hint_cross_domain:ticket_price	1	1	1	CHANGED_BOTH_WRONG
tech_systems	os	operating system		representation.text.entity_name	0.5445	multi-branch-sibling	technology.development.os	0.5445	header_hint_cross_domain:os	0	0	1	CHANGED_BOTH_WRONG
titanic	PassengerId	id	representation.identifier.increment	representation.identifier.numeric_code	0.9807	multi-branch-sibling	representation.identifier.increment	0.9807	numeric_sequential_detection	1	1	1	CHANGED_BOTH_WRONG
titanic	Ticket	code	representation.identifier.alphanumeric_id	geography.address.postal_code	0.9991	multi-branch-sibling	representation.alphanumeric.alphanumeric_id	0.9991	header_hint_cross_domain:ticket	0	0	1	CHANGED_BOTH_WRONG
world_cities	geonameid	id	representation.identifier.increment	representation.identifier.numeric_code	0.6648	multi-branch-sibling	representation.numeric.integer_number	0.7	feature_no_leading_zero:0.00	1	1	1	CHANGED_BOTH_WRONG
